OK,好的,OK,ButtonOK,好的
"    In the early 2040s, stringent restrictions were put on military cyberware companies all over the world forcing corporations like AltaTek to either buy off every greedy official or relocate. Opting for the cheaper option, AltaTek chose to build a number of secret production facilities in different parts of the world. The flagship of these complexes was Acropolis, hidden in the Mongolian part of the Altai Mountains. Immediately after the construction, Taras Volkov was appointed as its director.",    20世纪40年代初，全球军用机械改造公司都受到了严格的限制，这让像阿尔泰科技这样的企业不得不去贿赂贪官或进行搬迁。为了降低成本，阿尔泰科技选择在世界各地建立秘密生产设施。其中最重要的建筑就是藏于阿尔泰山脉蒙古部分的卫城研究所。就在研究所建成后不久，塔拉斯·沃尔科夫就被任命为董事。,LocalizationKeyCodexChapterInfosAkropolis1,CodexMenu," 在二十世纪四十年代初期，开发军用生化武器的公司在全球范围内都受到了严格的限制，阿尔泰科技这样的企业不得不通过贿赂贪婪的权力机构和并购生存下来。相较此类""廉价""的选择而言，阿尔泰则选择了在世界各地制造无数秘密工业设施。这些建筑群中的标志项目就是潜伏于阿尔泰伊山脉蒙古部分的雅典卫城研究所了。就在完建之后，塔拉斯立马被任命为其开发主任。"
"    Acropolis' main priority was Project Stratos, whose objective was twofold: to create soldiers augmented beyond any limit previously thought possible; and to manufacture small armies of these troops to sell around the world. To achieve this, Acropolis scientists from Section Tau - the main experimental laboratory of the complex - developed several chemical compounds to cause mutations in the subjects' bodies to prepare them for the heavy hardware. After many failed experiments with these compounds it was determined that animals and humans who don’t eat modern synthetic food have a lesser rate of rejection. General Volkov reassigned his security forces to kidnap people from rural areas. Small villages, indigenous tribes and monasteries in poor countries were the priority targets.",    卫城研究所的主要任务就是斯特拉托斯计划，该计划有两个目标：创造出突破之前被认为是极限的战士；大量生产由这种士兵组成的小型军队并把他们销往世界各地。为了完成这一目标，来自T部门，即设施主实验室的科学家研发了数种化合物来引发实验体的身体异变，为后续的重型机械安装做准备。在经过多次失败后，科学家确定了不食用现代合成食物的动物和人对化合物产生排异反应的可能性较低。于是沃尔科夫将军重新编制了他的安保军去绑架乡村里的人。小村子，原始部落和寺院成为了他们的首要目标。,LocalizationKeyCodexChapterInfosAkropolis2,CodexMenu,雅典卫城的优先项目是斯特拉托斯计划，这个计划有俩个目标：创造出能突破任何能想象到的人类极限的士兵；批量生产由这种士兵组成的小型军团并销往世界各地。为了达成这一目地，来自代号T部门——设施中的主力实验室——的科学家们，开发了几种化合物用以引发受试者体内突变，为重装义肢的装载做好准备。经过数次失败，这类化合物被确认在不食用现代合成食品的动物和人类身上有较低的排异反应。沃尔科夫将军重新整编了他的安全部队开始绑架未开化地区的无辜民众。贫穷国家的小镇，原始部落，修道院成为了他们的首要目标。
"    Altaiskie Tekhonologii (Altai Technologies) or AltaTek was created in Barnaul, Russia in 2019 after the merger of several smaller companies by a wealthy oligarch. At first AltaTek mostly specialised in industrial chemicals, prosthetics and military equipment including personal armours and chemical stimulators. Eight years later this conglomerate held more patents than all of the Russian private and government companies working in these fields combined. And in 2031 following the rise of implant technologies, AltaTek along with another rival Korean corporation became the first two private companies in the world to mass-produce combat implants.",    阿尔泰科技（Altaiskie Tekhonologii）是由一位富裕寡头在合并几家小公司后于2019年在俄罗斯巴尔瑙尔创立的公司。起初，阿尔泰科技主要从事于工业化学，义肢制作以及包括民用防具与化学刺激器在内的军用装备。八年后，这家大公司拥有的专利比所有从事相关领域的俄罗斯公私企加起来还要多。在2031年，随着植入技术的崛起，阿尔泰科技与另一家作为对手的韩国公司成为了世界上大规模生产战斗植装最早的两家私企。,LocalizationKeyCodexChapterInfosAltatek1,CodexMenu,Altaiskie Tekhonologii（阿尔泰科技）也被称作阿尔泰，于2019年由一位富裕的寡头在并购数家小型公司后在俄罗斯的巴尔瑙尔创建。起初，阿尔泰主要专注于工业化学产品，义肢和军事装备，包括民用护甲和化学激素。八年后，这家企业集团所持有的专利已经超过所有在相关领域工作的俄罗斯私营和国营企业。随着植入技术的发展，2031年阿尔泰与竞争对手、另一家韩国公司成为世界上第一批大规模生产战斗植装的私企。
"    But this overnight success wasn’t only thanks to brilliant scientists and good marketing. AltaTek also knew how to bend rules the right way and find loopholes, and when that failed they had no problem resorting to illegal means. They created their own spec-op unit called Irbis (“snow leopard”), tasked with sabotaging AltaTek’s competitors, distributing the merchandise to war hungry dictators and killing those that stood in the way. As a result, AltaTek emerged as one of the top players in the world in the market of both military and civil cyberware.",    但这种爆发式的成功并不只是因为有杰出的科学家和良好的市场。还因为阿尔泰科技知道如何利用正确的方式绕过规则和寻找漏洞，而且他们在事情失败时会毫不犹豫地寻求非法手段。他们创建了名为雪豹（Irbis）的特殊部门，专门用来负责妨碍阿尔泰科技的竞争者，将商品发给那些渴望战争的独裁者，以及杀害那些阻碍他们的人。因此，阿尔泰科技成为了世界军用和民用机械改造市场的头号玩家之一。,LocalizationKeyCodexChapterInfosAltatek2,CodexMenu,"""但是，这一飞速的成功不仅得益于杰出的科学家和良好的营销方式。阿尔泰科技也知道如何以“适当”的方式扭曲规则寻找漏洞，这样一旦失败也可以逃脱违法的追责。他们创建了自己的特殊部门，称为Irbis（“雪豹”），负责妨碍阿尔泰的竞争对手，将商品分发给渴望战争的独裁者，并杀掉所有阻碍的人。因此，阿尔泰成为了世界军事和民用生化改造武器市场上的佼佼者之一。"""
"    The abbot of The Temple of the Vanishing Star. Some monks say that Master Lei is as ancient as the monastery itself. And even though he is not, he’s been its abbot for more than thirty years and seen many of his pupils come and go. Usually a very strict man when it comes to faith and keeping the monastery together, he decided to let Vasily join their community even though he never showed any real desire to follow their faith but rather just looked for an escape. Master Lei never really stated why he did this nor that he was obliged to do so. Some of the monks who knew the Master from way back say that he saw something in Vasily, while others believe that he just wanted to guide a sinful, troubled man to faith.",    逝星庙的住持。有些僧人说雷师傅和寺庙本身一样古老。虽然这不是真的，但他作为这间庙的住持也已经超过30年了，目睹过许多弟子来来去去。当涉及到信仰和寺庙团结方面时，他通常都会变得很严厉。尽管瓦西里来这只是为了逃生而非为了追随他们的信仰，但他还是决定让瓦西里加入他们的集体。雷师傅从没真正解释过他这么做的理由，也没人强迫过他这么做。一些从很久以前就认识雷师傅的僧人说他从瓦西里身上看到了某种东西，其它僧人则认为他只是想用信仰来引导一个带着罪业与不安的人。,LocalizationKeyCodexChapterInfosMaster1,CodexMenu,逝星庙的住持。有些僧人说雷师傅和修道院本身一样古老，即使事实并非如此，他已经主持庙宇三十多年，看到很多他的沙弥来来去去。当涉及到信仰和维持寺庙日常活动时，他通常是一个非常严厉的人，当他决定让瓦西里加入他们的团体，尽管瓦西里从未表现出任何真正的追求信仰的愿望，只是为了生路。雷师傅从来没有真正解释过他这样做的缘由，也没有说这是他的义务。一些很久以后才认识这位师傅的僧侣说，他在瓦西里的眼里看到了一些不寻常事物，另一些人则认为他只是想引导一个有罪的，有困难的人学会信仰。
"The inhabitants of the monastery live with the belief that one should achieve harmony not only through prayer and the study of religious texts but also through hard everyday labour. And since you can’t really chop wood all day long, several centuries ago they started practicing self defence to protect themselves from the bandits that infested this region. Today their combat techniques are the basis of one of the oldest martial arts in the world, but also remain one of the less well known.",    修道院里有信仰的居者们相信，人们达到极乐世界，不仅需要祷告和对经文的研究，还需要通过辛苦的日常劳动才行。话虽如此，但人们也不可能真的一整天都在劈柴，所以他们在几个世纪前就开始练习自卫技巧以保护自己免受该地区土匪的袭击。如今他们的战斗技巧已成为世界上最古老的基础武术之一，但同时也是最不为人知的一个。,LocalizationKeyCodexChapterInfosMonks1,CodexMenu,修道院的居住者们相信，人们不仅仅需要祷告和对教义的研究达到极乐世界，还应该通过辛苦的日常劳动。由于人们也不可能真的劈一整天的柴，几个世纪前他们开始练习自卫技巧以保护自己免受侵袭这个地区土匪的袭击。今天他们的战斗技巧的根基来自于世界上最古老的武术之一，但同时也是最不知名的那个。
"Fyodor was born in Minsk, Belarus in 2008. As a kid he suffered from a severe case of valvular heart disease and at the age of twelve it was successfully cured thanks to the latest breakthroughs in medicine. Probably as a result of that, Fyodor developed an obsession with the ideas of transhumanism. When he finished school he moved to Moscow to live with his grandparents and to study bioengineering. He graduated with honours and was eventually hired as a junior scientist by AltaTek in 2033.",    费奥多于2008年出生于白俄罗斯的明斯克。他小时候患有严重的心脏瓣膜病，十二岁时因医学的最新突破而成功痊愈。费奥多可能就是因此而开始痴迷于超人主义思想。完成学业后，他搬到莫斯科与祖父母一起生活，学习生物工程。他以优异的成绩毕业，最终于2033年被阿尔泰科技聘为初级研究员。,LocalizationKeyCodexChapterInfosSaharov1,CodexMenu,费奥多于2008年出生于白俄罗斯的明斯克。小时候患有严重的心脏瓣膜病，十二岁时因医学最新突破而成功痊愈。费奥多可能因此开始痴迷于超人主义思想。完成学业后，他搬到莫斯科与祖父母一起生活，学习生物工程。他以优异成绩毕业，最终于2033年被阿尔泰科技聘为初级研究员。
"At AltaTek, Fyodor threw himself in his work. He was finally doing what he always wanted to do - giving more people a chance to live normal lives, and improving human abilities beyond their natural capacities. AltaTek recognised Fyodor’s potential and seven years later he was assigned to the Defence Implants branch. While he was reluctant to work on military implants at first, the new assignment was a big promotion and it meant working at the cutting edge of progress with a virtually unlimited budget. It would be the perfect opportunity to explore some of the ideas he had developed over the years about the future of cyberware and how it could help people. He accepted the promotion, reasoning that if he wouldn’t like it he will just quit and start his own business.",    在阿尔泰，费奥多专心于自己的事业。他最终完成了自己梦寐以求的事情——让更多人有机会过上正常的生活，并提高人们的能力甚至于能突破自然的上限。阿尔泰认识到费奥多的潜力，七年后他被分配到防卫殖装部门。起初他并不愿意从事军事殖装工作，但这项新任务是次巨大的职级提升，也就是说他可以在几乎无限预算的情况下从事最尖端的工作。这将是一次实践他多年来关于机械改造未来以及如何让这项科技帮助人类的想法的绝佳机会。他接受了晋升，并想着他要是不喜欢就退出另起炉灶。,LocalizationKeyCodexChapterInfosSaharov2,CodexMenu,在阿尔泰，费奥多投身于他的事业。他终于做到了他梦寐以求的事情 - 让更多的人有机会过上正常的生活，与此同时提升人类的能力直至超越大自然的桎梏。阿尔泰承认了费奥多的潜力，七年后他被分配到防卫殖装部门。虽然他一开始不愿意从事军事类的植入体工作，但这项新任务代表着一步重大的跨越，这也意味着要在几乎不计成本的科研最前沿情况下取得进展。这将是一个思考他多年来开发的生化产品的未来及其如何帮助人们的绝佳机会。他接受了晋升，并决定如果事与愿违就退出另起炉灶。
"After four years of creating “defence implants” (most of which turned out to be weapons), Fyodor was ready to quit. However, this wasn’t as easy as he assumed it would be: when he voiced his intention it was hinted that leaving AltaTek would not be in his best interest and veiled threats were made about his ability to find work in his field ever again. Serious, permanent problems with his health were also implied. Fyodor decided to remain with AltaTek and over the course of the following years he gradually became more and more disengaged, focusing only on technological advancements and turning a blind eye to everything else AltaTek was doing. Eventually he became one of the main engineers on the Stratos project and relocated to Acropolis as soon as the construction was finished.",    在制造了四年的“防卫殖装”后（其中大部分都变成了武器），费奥多准备要退出。然而，事情并非他想的那么简单：当他说出自己的意向时，有人便暗示说离开阿尔泰不是他最好的决定，并且含蓄地威胁他再也无法在这个行业找到工作。甚至还暗指他的健康可能会因此出现永久性的问题。费奥多最后不得不留在阿尔泰，在接下来的几年里他渐渐变得越来越封闭，只专心于技术的进步，对阿尔泰做的其它所有事都熟视无睹。最终他成为了斯特拉托斯项目主工程师之一，并在卫城研究所建成后被立刻派往到那边。,LocalizationKeyCodexChapterInfosSaharov3,CodexMenu,在从事“防卫殖装”四年后（其中大部分被改装成武器），费奥多产生了退意。然而，这并不像他认为的那样简单：当他表达其意向时，有人便暗示说离开阿尔泰不是个正确的决定并且暗中威胁要限制他在这个行业的发展。甚至暗示了他的‘健康’可能会因此存在严重的、永久性的问题。 费奥多最后不得不留在阿尔泰，在接下来的几年里他逐渐变得越来越分裂，只关注技术进步，并对阿尔泰所做的一切熟视无睹。最终他成为了斯特拉托斯项目其中的一名主工程师，并在施工结束后立刻被派遣到了到雅典卫城研究所。
"    Berkut met Vasily on the streets of Novosibirsk when both of them were barely fourteen. Vasily was getting beaten up by a couple of boys and Sergey decided to intervene. And even though he only got beaten as well, the two became friends. After school they joined the army and three years after that they left for a mercenary organisation. And then another one. And another one. Throughout these years they fought in conflicts all over the world, fighting proxy wars for different governments - whichever paid more. They became the elite. Fighting for whichever side paid more - sometimes switching sides several times over the course of a single conflict.",    贝尔库特是在新西伯利亚街头遇到瓦西里的，那时他们俩都还不到14岁。谢尔盖在瓦西里被几个男孩围殴时出手制止。虽然他也因此受到了毒打，但两人成为了朋友。毕业后，他们加入了军队，在那三年后又退伍加入了雇佣军组织。之后便是一个又一个不断加入的过程。这些年来，他们介入世界各地的纷争，为不同政府打代理人战争——看哪边给的钱多。他们成为了精英佣兵。谁给的佣金多就为谁战——有时会在单次战事中多次改变阵营。,LocalizationKeyCodexChapterInfosSergey1,CodexMenu,伯库特在新西伯利亚街头遇到了瓦西里，那时他们俩都不到14岁。当瓦西里被几个男孩殴打时谢尔盖站了出来。他也因此遭受了一顿毒打，不过两人成为了朋友。完成学业后，他们加入了军队，三年后他们退伍加入雇佣军组织。然后便是接连不断的“跳槽”。这些年来，他们介入了世界各地的纷争，为不同政府打所谓的代理人战争——要看哪边给的钱多。他们成为了精英佣兵。为提供更多佣金的一方而战——有时也会在单一战事中多次改旗易帜。
"Eventually they were approached by General Taras Volkov. They had served under him before and now he was recruiting for a special unit in the AltaTek corporation - Irbis. The money was good so they agreed: their job didn’t change much but now they were paid a lot more. Two best friends, they were having the time of their lives killing people for money. But one day their friendship came to a very tragic end.",    最后他们接触到了塔拉斯·沃尔科夫将军。他们之前曾当过他的手下，现在他正为阿尔泰公司的特殊部门“雪豹”招募人手。钱给的不少，所以他们接受了：他们的工作内容没多大变化，但报酬却多了不少。两个最好的朋友，他们过着杀人赚钱的生活。但有一天，他们的友谊走向了非常悲惨的结局。,LocalizationKeyCodexChapterInfosSergey2,CodexMenu,最终他们被塔拉斯沃尔科夫将军接触。他们之前曾在他手下服役，现在他正在招募阿尔泰公司的一个特殊部门 -  雪豹。有钱能使鬼推磨，所以他们欣然接受：他们的工作没有太大的改变，但现在他们获得了更多的报酬。两个最好的朋友，他们有时间为了钱而杀人。但有一天，他们的友谊走向了一个非常悲惨的结局。
"Despite its size, this ancient monastery remained hidden to the rest of the world thanks to its secluded location, deep in mountains covered with thick forests. Built on the ruins of an even older monastery that was destroyed by an earthquake, the Temple remains one of the few places on Earth untouched by modern technology.",    尽管规模很大，但作为被密林所覆盖的深山隐寺，这座古老的寺庙经历着与世隔绝的时光。这座寺庙建于之前被地震所毁的更古老的寺庙之上，它仍是少数几个未被地球现代科技所触及的地方之一。,LocalizationKeyCodexChapterInfosTemple1,CodexMenu,尽管规模很大，但得益于它隐蔽的地理位置和深处覆盖着的浓密的森林，这座古老的修道院与世隔绝，屹立在被地震摧毁的更为古老的修道院的废墟上，仍然是地球上现代科技未触及过的少数几个地方之一。
    His past is mostly unknown while his present is the same as all the other monks in the monastery. Some twenty years ago Vasily crashed his heliplane in the mountains near the Temple of the Vanishing Star. He became a permanent resident thanks to Master Lei - the abbot of the monastery - who decided to let Vasily join the monastery. Master Lei invited him to become his pupil even though Vasily knew next to nothing about their religion and looked less like someone searching for spirituality and more like someone who was looking for shelter from his damaging past.,    虽然他有着无人知晓的过去，但他的现在已与寺里其他僧人别无两样。大约二十年前，瓦西里搭乘的直升机坠毁在逝星庙附近的山上。幸得寺庙住持雷师傅的收留，他才能成为寺庙的永久居民。尽管瓦西里对他们的宗教一无所知，而且他看起来不像是要寻求顿悟，更像是要逃避悲痛过往的人，雷师傅还是将其收为徒弟。,LocalizationKeyCodexChapterInfosVasily1,CodexMenu,"""他的样子和修道院里的所有其他僧侣差不多却有着神秘的过去。大约二十年前，瓦西里搭乘的直升飞机在逝星庙附近的山上坠毁。寺院的住持雷师父决定收留瓦西里入寺，就这样他成为了寺院的‘永久居民’。雷师傅想收其为徒，尽管瓦西里几乎完全不了解他们的宗教信仰，并且看起来不像是寻求顿悟的人，而更像是在想方设法隐藏过去。"""
"    At first Vasily was mostly interested in the physical aspects of monastic life such as the martial arts techniques. But years passed, and with the help of Master Lei, he became more spiritual and was able to find his inner peace. His nightmares eventually stopped and he achieved harmony. Or at least that’s what he thought.",    起初，最让瓦西里感兴趣的是僧人生活的物质面，比如武术技巧。但在雷老师的多年帮助下，他的精神变得更加强大，能够追寻自己内心的平静。他的噩梦终于停止并且获得了协调。或者说至少他是这么认为的。,LocalizationKeyCodexChapterInfosVasily2,CodexMenu,"""起初，瓦西里最感兴趣的是寺庙生活的物质层面，比如武术技巧。但多年过去了，在雷老师的帮助下，他的精神变得更为强大，能够追寻内心的平静。他最终停止了噩梦，实现了和谐。或者至少他是这么认为的。"""
"Rumour has it that Taras Volkov was never actually a general. That back in the army he was a colonel and had been refused promotion several times. Eventually he became disappointed with the army administration for being too slow to adopt the latest technologies, and in 2022 he quit and moved to Serbia to head a local mercenary group. The group flourished under his command and thanks to his modernisations became very well known around the world - validating his feelings of superiority. Eventually Volkov was invited to AltaTek as their Chief of Security. He agreed on the condition that he would have full control over the department - particularly with regards to any changes made to  current and future security personnel.",    有传言说，塔拉斯·沃尔科夫从未当过真正的将军。他曾是军队的上校，而且晋升请求被拒绝了好几次。最后，因对军队管理层迟迟未能采用最新技术感到失望，而于2022年退伍，并去了塞尔维亚领导当地的雇佣军团队。这支队伍在他的指挥下蓬勃发展，并凭借其现代化程度为世界所知——这证实了他理念的先进性。最终沃尔科夫被邀请加入阿尔泰担任安保主任。他同意了，前提是保证他能完全掌控该部门——尤其是对现有和未来安保人员进行任意改造一事。,LocalizationKeyCodexChapterInfosVolkov1,CodexMenu,"""有传言说，塔拉斯·沃尔科夫实际上从来都不是将军。在军队中，他曾是一名上校，并多次被拒绝晋升。最终他对军队管理部门迟迟不能采用最新技术感到失望，并于2022年退出并搬到塞尔维亚领导当地的雇佣军团队。这个集团在他的指挥下蓬勃发展，并凭借其现代化程度在世界各地非常知名——证实了他理念的优越性。最终沃尔科夫被邀请到阿尔泰担任安全总监。他同意的条件是对该部门的完全控制——尤其是对现有和未来的安全人员所做的任何改造。"""
"In the early 2030s, General Volkov decided to start implementing AltaTek’s experimental technologies on his troops. There were a couple of accidents but he had an almost unlimited supply of the most notorious mercenaries in the world waiting in line. Some fifteen years later, soon after Volkov was appointed as the director of Acropolis, he also started chemical augmentations of himself. To fight the ageing process he ordered the scientists to develop chemical compounds to help his withering body. After a couple of successful tries, his system began to reject the compounds and start to mutate uncontrollably - even long after the experiments stopped. Volkov’s passion for innovation came back to bite him. Now he never leaves his quarters at the core of Section Alpha, only ever seen by high ranking executives.",    2030年代初，沃尔科夫将军决定将阿尔泰科技的实验技术应用到自己的军队上。虽然出了几起事故，但他那世界上最为臭名昭著的雇佣军有着几乎无限的佣兵人选。大约十五年后，就在沃尔科夫被任命为卫城主任后不久，他也开始用化学增强自己。为了抗击衰老过程，他命令科学家开发化合物来帮助他枯萎的身体。在经过几次成功的尝试后，他的身体开始排斥这些化合物，并不受控制地发生变异——甚至在实验停止后都还持续了很长一段时间。沃尔科夫对新事物的热情最终反噬了他。现在，他再也无法离开自己在阿尔法区域核心位置的住所，能见的人也只有高级管理人员。,LocalizationKeyCodexChapterInfosVolkov2,CodexMenu,在2030年代初，沃尔科夫将军决定开始在他的部队应用阿尔泰的实验技术。虽然发生了几起事故，但他有着几乎无限制的世界上最臭名昭着的雇佣军排队等候供应。大约十五年后，沃尔科夫被任命为卫城总监后不久，他也开始对自己进行化学增效。为了抗击衰老过程，他命令科学家开发化学化合物来帮助他的减缓身体的枯萎。经过几次成功尝试之后，他的系统开始排斥这些化合物，并开始无法控制地发生变异，甚至在实验停止后很长一段时间还在继续。沃尔科夫对新事物的热情反噬了他。现在，他从不离开自己在阿尔法区域核心的住所，只有高层执行人员才有机会接触。
ACROPOLIS,卫城研究所,LocalizationKeyCodexChapterNamesAcropolis,CodexMenu,雅典卫城研究所
ALTATEK,阿尔泰科技,LocalizationKeyCodexChapterNamesAltatek,CodexMenu,阿尔泰科技
MASTER LEI,雷师傅,LocalizationKeyCodexChapterNamesMaster,CodexMenu,雷师父
MONKS,僧人,LocalizationKeyCodexChapterNamesMonks,CodexMenu,僧侣
FYODOR SAKHAROV,费奥多·萨哈罗夫,LocalizationKeyCodexChapterNamesSakharov,CodexMenu,费奥多·萨哈罗夫
SERGEY “BERKUT” KALGANOV,谢尔盖“贝尔库特”科尔加诺夫,LocalizationKeyCodexChapterNamesSergey,CodexMenu,谢尔盖 “贝库特” 科尔加诺夫
THE TEMPLE OF THE VANISHING STAR,逝星庙,LocalizationKeyCodexChapterNamesTemple,CodexMenu,逝星庙
VASILIY,瓦西里,LocalizationKeyCodexChapterNamesVasily,CodexMenu,瓦西里
GENERAL TARAS VOLKOV,塔拉斯·沃尔科夫将军,LocalizationKeyCodexChapterNamesVolkov,CodexMenu,塔拉斯·沃尔科夫将军
AIM,瞄准,ControlsMenuGamepadControlAim,ControlsMenu,瞄准
PUNCH,攻击,ControlsMenuGamepadControlAttack,ControlsMenu,攻击
BLOCK / PARRY,格挡 / 招架,ControlsMenuGamepadControlBlock,ControlsMenu,格挡 / 闪避
DROP MELEE WEAPON,丢弃近战武器,ControlsMenuGamepadControlDrop,ControlsMenu,丢弃近战武器
EXECUTE / ENVIRONMENT,处决 / 环境互动,ControlsMenuGamepadControlExecution,ControlsMenu,处决/环境互动
KICK,踢,ControlsMenuGamepadControlHeavyAttack,ControlsMenu,踢
LOOK AROUND,观察,ControlsMenuGamepadControlLoock,ControlsMenu,观察
MOVE,移动,ControlsMenuGamepadControlMove,ControlsMenu,移动
PAUSE / MENU,暂停 / 菜单,ControlsMenuGamepadControlPause,ControlsMenu,暂停 / 菜单
PICK UP / USE,拾取 / 使用,ControlsMenuGamepadControlPickup,ControlsMenu,拾取 / 使用
ROLL,翻滚,ControlsMenuGamepadControlRoll,ControlsMenu,翻滚
SHOOT,射击,ControlsMenuGamepadControlShoot,ControlsMenu,射击
UPGRADE,升级,ControlsMenuGamepadControlUpgrades,ControlsMenu,升级
USE,使用,ControlsMenuGamepadControlUse,ControlsMenu,使用
CONTROLLER,控制器,ControlsMenuGamepadLabel,ControlsMenu,控制器
AIM,瞄准,ControlsMenuKeyboardControlAim,ControlsMenu,瞄准
PUNCH,拳技,ControlsMenuKeyboardControlAttack,ControlsMenu,攻击
BLOCK / PARRY,格挡 / 招架,ControlsMenuKeyboardControlBlock,ControlsMenu,格挡 / 闪避
DROP MELEE WEAPON,丢弃近战武器,ControlsMenuKeyboardControlDrop,ControlsMenu,丢弃近战武器
KICK,踢,ControlsMenuKeyboardControlHeavyAttack,ControlsMenu,踢
LOOK AROUND,观察四周,ControlsMenuKeyboardControlLoock,ControlsMenu,观察
MOVE DOWN,向下移动,ControlsMenuKeyboardControlMoveDown,ControlsMenu,下移
MOVE LEFT,向左移动,ControlsMenuKeyboardControlMoveLeft,ControlsMenu,左移
MOVE RIGHT,向右移动,ControlsMenuKeyboardControlMoveRight,ControlsMenu,右移
MOVE UP,向上移动,ControlsMenuKeyboardControlMoveUp,ControlsMenu,上移
PAUSE / MENU,暂停 / 菜单,ControlsMenuKeyboardControlPause,ControlsMenu,暂停 / 菜单
PICKUP / USE,拾取 / 使用,ControlsMenuKeyboardControlPickup,ControlsMenu,拾取 / 使用
AIM,瞄准,ControlsMenuKeyboardControlPullGun,ControlsMenu,瞄准
ROLL,翻滚,ControlsMenuKeyboardControlRoll,ControlsMenu,翻滚
RESET DEFAULT,重置为默认,ControlsMenuKeyboardControlSetDefaultBinds,ControlsMenu,默认设置
SHOOT,射击,ControlsMenuKeyboardControlShoot,ControlsMenu,射击
KILL / USE ENVIRONMENT,击杀 / 利用环境,ControlsMenuKeyboardControlThrowExecute,ControlsMenu,击杀 / 利用环境
KEYBOARD,键盘,ControlsMenuKeyboardLabel,ControlsMenu,键盘
ARENA has been unlocked,竞技场已解锁,ArenaWasUnlocked,Game,竞技场已解锁
CHECKPOINT,检查点,Checkpoint,Game,检查点
GLOSSARY has been updated,资料库已更新,CodexWasUpdated,Game,资料库已更新
Press,按,ControllerAssignment_Press,Game,按下
to continue,继续,ControllerAssignment_ToContinue,Game,继续
COOP,合作,CoopOption,Game,双人
FINAL WAVE,最后一波,FinalWave,Game,最后一波
Upgrade,升级,ForceUpgradeButton,Game,升级
ENEMIES KILLED {0},杀敌数 {0},KillAmount,Game,杀敌数｛0｝
LOCKED,未解锁,Locked,Game,锁定
You have found an ancient MANUSCRIPT! Press {0} to upgrade one of the MONK SKILLS.,你找到了一份古老的手稿！按 {0} 来升级其中一项武僧技能。,ManuscriptWasFound,Game,你已经找到了一张古老的手稿！按{0}升级其中一个武僧技能。
FAIL,失败,MissionFail,Game,失败
COMPLETE,完成,MissionSuccess,Game,完成
No controller found for 2nd player,未找到第2位玩家的控制器,NoSecondControllerMessage,Game,没有为第二个玩家找到控制器
Your progress will not be saved until you signin your account in main menu.,在登录账号前你的进度将不会被保存。,NoSignInNoProgressSave,Game,在登录账号之前你的进度将不会被保存。
Perks,天赋,OpenPerksListTipButton,Game,天赋
Press {0} to pick a PERK,按 {0} 来选择一项天赋,PerkWasUnlocked,Game,按下 {0} 选择一个天赋
Perks amount: {0},天赋点：{0},PerksAmount,Game,天赋点 {0}
SCROLL has been unlocked,卷轴已解锁,ScrollsWasUpdated,Game,卷轴已入手
Stat was upgraded,属性已升级,StatWasUpgraded,Game,属性已升级
You have found an AltaTek TABLET! Press {0} to upgrade one of the SOLDIER SKILLS.,你找到了阿尔泰平板！按 {0} 来升级其中一项士兵技能。,TabletWasFound,Game,你已经找到了阿尔泰平板！按{0}升级其中一个佣兵技能。
Unlock,解锁,UnlockPerkTipButton,Game,解锁
{0} WAVES REMAIN,剩余 {0} 波敌人,WavesRemain,Game,{0} 波次剩余
MELEE ATTACKS,近战攻击,LocalizationKeyHowToPlayAttack,HowToPlayMenu,近战攻击
ROLL ATTACKS,翻滚攻击,LocalizationKeyHowToPlayAttackFromRoll,HowToPlayMenu,翻滚攻击
BLOCK,格挡,LocalizationKeyHowToPlayBlock,HowToPlayMenu,格挡
CHARGE ATTACK,蓄力一击,LocalizationKeyHowToPlayChargeAttack,HowToPlayMenu,蓄力一击
DISARM,缴械,LocalizationKeyHowToPlayDisarm,HowToPlayMenu,缴械
ENVIRONMENT KILL,环境处决,LocalizationKeyHowToPlayFurniture,HowToPlayMenu,环境击杀
LOOK AROUND,观察四周,LocalizationKeyHowToPlayListening,HowToPlayMenu,观察
MOVE,移动,LocalizationKeyHowToPlayMovement,HowToPlayMenu,移动
ACTION,动作,LocalizationKeyHowToPlayOpenDoor,HowToPlayMenu,动作
PARRY,招架,LocalizationKeyHowToPlayParry,HowToPlayMenu,闪避
PICK UP,拾取,LocalizationKeyHowToPlayPickup,HowToPlayMenu,拾取
ROLL,翻滚,LocalizationKeyHowToPlayRoll,HowToPlayMenu,翻滚
SHOOT,射击,LocalizationKeyHowToPlayShoot,HowToPlayMenu,射击
STEALTH KILL,暗杀,LocalizationKeyHowToPlaySilentKill,HowToPlayMenu,潜行击杀
EXECUTION,处决,LocalizationKeyHowToPlayStunKill,HowToPlayMenu,处决
THROW ,投掷,LocalizationKeyHowToPlayThrowCrate,HowToPlayMenu,投掷
DEATHS {0},死亡次数 {0},DeathsAmountInfo,LevelSelectMenu,死亡 {0}
BACK,返回,LevelSelectMenuBackButton,LevelSelectMenu,返回
Level select screen basic info,LevelSelectMenuBasicInfo,LevelSelectMenuBasicInfo,LevelSelectMenu,LevelSelectMenuBasicInfo
8. DOWN THE PRIMROSE PATH,8. 堕入歧途,LevelSelectMenuLevel10Name,LevelSelectMenu,8.离开极乐世界
9. UPS AND DOWNS,9. 起伏波折,LevelSelectMenuLevel11Name,LevelSelectMenu,9.上下
10. THOSE WHO LIVE IN GLASS HOUSES,10. 玻璃房的住人,LevelSelectMenuLevel12Name,LevelSelectMenu,10.行走在钢丝上的人
ECHOES OF THE PAST II,旧日回响 II,LevelSelectMenuLevel13Name,LevelSelectMenu,旧日回响 II
11. PALINDROME,11. 殊途同归,LevelSelectMenuLevel14Name,LevelSelectMenu,11.殊途同归
12. HEXED,12. 蛊惑,LevelSelectMenuLevel15Name,LevelSelectMenu,12.蛊惑
13. CONVEYOR,13. 传达者,LevelSelectMenuLevel16Name,LevelSelectMenu,13.传达者
14. HYPOCENTER,14. 震源,LevelSelectMenuLevel17Name,LevelSelectMenu,14.震源
15. HANGAR,15. 机库,LevelSelectMenuLevel18Name,LevelSelectMenu,15.机库
16. MACHINE HEART,16. 机械之心,LevelSelectMenuLevel19Name,LevelSelectMenu,16.机械之心
INTRO,前奏,LevelSelectMenuLevel1Name,LevelSelectMenu,序章
ENDING,结局,LevelSelectMenuLevel20Name,LevelSelectMenu,终章
1. A RUDE AWAKENING,1. 猛然惊醒,LevelSelectMenuLevel2Name,LevelSelectMenu,1.惊醒
2. UNWELCOME GUESTS,2. 不速之客,LevelSelectMenuLevel3Name,LevelSelectMenu,2.不速之客
3. NO SHELTER,3. 无处可藏,LevelSelectMenuLevel4Name,LevelSelectMenu,3.无处可藏
4. MURKY WATERS,4. 深陷泥潭,LevelSelectMenuLevel5Name,LevelSelectMenu,4.深陷泥潭
5. GOING DOWN IN FLAMES,5. 赴汤蹈火,LevelSelectMenuLevel6Name,LevelSelectMenu,5.浴火坠落
ECHOES OF THE PAST I,旧日回响 I,LevelSelectMenuLevel7Name,LevelSelectMenu,旧日回响 I
6. HAKELDAMA,6. 血田,LevelSelectMenuLevel8Name,LevelSelectMenu,6.血之田
7. REROUTING,7. 改变路线,LevelSelectMenuLevel9Name,LevelSelectMenu,7.变更航线
CHAPTER SELECT,章节选择,LevelSelectMenuScreenTitle,LevelSelectMenu,章节选择
SPRING CLEANING,春季大扫除,MultiplayerLevelSelectMenuLevel1Name,LevelSelectMenu,大扫除
LAST STAND,背水一战,MultiplayerLevelSelectMenuLevel2Name,LevelSelectMenu,背水一战
WAVES RECORD {0},敌袭次数记录 {0},WavesAmountInfo,LevelSelectMenu,波次记录 {0}
REDEEMER,救赎者,LoadingRedeemerTitleLocalization,LoadingTips,救赎者
PRESS ANY BUTTON,按任意键,PressAnyKeyTextLocalization,LoadingTips,按下任意按键
BACK,返回,LobbyArenaBack,LobbyArena,后退
CHAT,聊天,LobbyArenaChat,LobbyArena,聊天
GO,出发,LobbyArenaGo,LobbyArena,前进
LOCAL CO-OP,本地合作,LobbyArenaLocalPlay,LobbyArena,本地多人合作
MAPS,地图,LobbyArenaMapsSelection,LobbyArena,地图
NETWORK CO-OP,联网合作,LobbyArenaNetworkPlay,LobbyArena,联网多人合作
INVITE,邀请,LobbyArenaPlayersInvited,LobbyArena,邀请
PLAYERS,玩家,LobbyArenaPlayersSelection,LobbyArena,玩家
READY,准备,LobbyArenaReady,LobbyArena,准备
SEND,发送,LobbyArenaSend,LobbyArena,发送
WAIT,等待,LobbyArenaWait,LobbyArena,等待
Please connect the controller and press 'A' button to continue the game. Or press 'B' button to exit to Main menu.,请连接控制器并按“A键”继续游戏。或按“B键”退出主菜单。,ControllerConnectOrMainMenu,MainMenu,请连接控制器并按A按钮继续游戏。或按B按钮退出主菜单。
ARENA,竞技场,MainMenuArenaButton,MainMenu,竞技场
ARENA,竞技场,MainMenuArenaScreenName,MainMenu,竞技场
BACK,返回,MainMenuBackButton,MainMenu,返回
Change profile,更改档案,MainMenuChangeProfileButton,MainMenu,改变档案
SCROLLS,卷轴,MainMenuCollectiblesButton,MainMenu,卷轴
SCROLLS,卷轴,MainMenuCollectiblesScreenName,MainMenu,卷轴
CONTINUE,继续,MainMenuContinueGameButton,MainMenu,继续
CREDITS,制作组,MainMenuCreditsButton,MainMenu,制作人员
CREDITS,制作组,MainMenuCreditsScreenName,MainMenu,制作人员
EXTRAS,额外内容,MainMenuExtrasButton,MainMenu,额外内容
EXTRAS,额外内容,MainMenuExtrasScreenName,MainMenu,额外内容
NEW GAME,新游戏,MainMenuNewGameButton,MainMenu,新游戏
EASY,容易,MainMenuNewGameEasyModeName,MainMenu,易
HARDCORE,硬核,MainMenuNewGameHardcoreModeName,MainMenu,困难
NORMAL,正常,MainMenuNewGameNormalModeName,MainMenu,正常
OPTIONS,选项,MainMenuOptionsButton,MainMenu,设置
QUIT,退出,MainMenuQuitButton,MainMenu,退出
MAIN MENU,主菜单,MainMenuScreenName,MainMenu,主菜单
Your progress will be reset,您的进度将被重置,NewGameProgressWillBeDeletedWarning,MainMenu,您的进度将被重置
Back,返回,MenuTipsBack,MenuTips,返回
Navigate,导航,MenuTipsNavigate,MenuTips,导引
Select,选择,MenuTipsSelect,MenuTips,选择
Skip,跳过,MenuTipsSkip,MenuTips,跳过
ANTI-ALIASING QUALITY,抗锯齿质量,OptionsAAQuality,Options,抗锯齿
AUTO-AIM,辅助瞄准,OptionsAutoAim,Options,辅助瞄准
BRIGHTNESS,亮度,OptionsBrighntess,Options,亮度
CHROMATIC ABBERATION,色差,OptionsChromaticAbberation,Options,色差
DEPTH OF FIELD,景深,OptionsDepthOfField,Options,景深
FULLSCREEN,全屏,OptionsFullscreen,Options,全屏
LANGUAGE,语言,OptionsLanguage,Options,语言
MASTER,总音量,OptionsMasterVolume,Options,总音量
APPLY,应用,OptionsMenuScreenApplyButton,Options,应用
BACK,返回,OptionsMenuScreenBackButton,Options,返回
OPTIONS,选项,OptionsMenuScreenName,Options,设置
MOTION BLUR,动态模糊,OptionsMotionBlur,Options,动态模糊
MUSIC,音乐,OptionsMusicVolume,Options,音乐
OUTLINES,描边,OptionsOutline,Options,描边
POSTPROCESSING,后期处理,OptionsPostProcessQuality,Options,后期处理
OVERALL QUALITY,整体画质,OptionsQuality,Options,整体画质
RESOLUTION,分辨率,OptionsResolutions,Options,分辨率
SOUNDS,音效,OptionsSFXVolume,Options,音效
SHADOWS,阴影,OptionsShadowsQuality,Options,阴影
SUBTITLES,字幕,OptionsSubtitles,Options,字幕
V-SYNC,垂直同步,OptionsVSync,Options,垂直同步
VIBRATION,震动,OptionsVibration,Options,震动
VOICE,声音,OptionsVoice,Options,声音
AVERAGE,平均,OptionsItemAverage,OptionsItems,均衡
DIFFICULTY,难度,OptionsItemDifficulty,OptionsItems,难度
EPIC,史诗,OptionsItemEpic,OptionsItems,极致
HIGH,高,OptionsItemHigh,OptionsItems,高
ENGLISH,英语,OptionsItemLanguageEnglish,OptionsItems,英语
RUSSIAN,俄语,OptionsItemLanguageRussian,OptionsItems,俄语
LOW,低,OptionsItemLow,OptionsItems,低
OFF,关,OptionsItemOff,OptionsItems,关
ON,开,OptionsItemOn,OptionsItems,开
AUDIO,音频,PauseMenuAudioSettingsScreenTitle,PauseMenu,声音
GLOSSARY,资料库,PauseMenuCodexButton,PauseMenu,资料库
GLOSSARY,资料库,PauseMenuCodexScreenTitle,PauseMenu,资料库
CONTROLS,控制,PauseMenuControlsScreenTitle,PauseMenu,控制
GAME,游戏,PauseMenuGameSettingsScreenTitle,PauseMenu,游戏
AUDIO,音频,PauseMenuGotoAudioSettingsButton,PauseMenu,声音
CONTROLS,控制,PauseMenuGotoControlsButton,PauseMenu,控制
GAME,游戏,PauseMenuGotoGameSettingsButton,PauseMenu,游戏
DISPLAY,显示,PauseMenuGotoVideoSettingsButton,PauseMenu,视频
HOW TO PLAY,游戏玩法,PauseMenuHowToPlayButton,PauseMenu,游玩方式
HOW TO PLAY,游戏玩法,PauseMenuHowToPlayScreenTitle,PauseMenu,游玩方式
OPTIONS,选项,PauseMenuOptionsButton,PauseMenu,设置
BACK,返回,PauseMenuOptionsGotoBackButton,PauseMenu,返回
MAIN MENU,主菜单,PauseMenuQuitToMainMenuButton,PauseMenu,主菜单
RESTART,重新开始,PauseMenuRestartButton,PauseMenu,重新开始
RESUME,继续游戏,PauseMenuResumeButton,PauseMenu,继续游戏
Pause menu info,PauseMenuRootScreenInfo,PauseMenuRootScreenInfo,PauseMenu,PauseMenuRootScreenInfo
PAUSE MENU,暂停菜单,PauseMenuRootScreenTitle,PauseMenu,暂停界面
Video settings info,PauseMenuVideoSettingsScreenInfo,PauseMenuVideoSettingsScreenInfo,PauseMenu,PauseMenuVideoSettingsScreenInfo
DISPLAY,显示,PauseMenuVideoSettingsScreenTitle,PauseMenu,显示
Speeds up the charge time of the CLAW STRIKE.,加快爪击的蓄力时间。,FistsPerk_Charge2_DescrID,PerksTexts,加快爪击的充电时间。
QUICK CLAW (requires CLAW STRIKE),快速爪击（需要爪击）,FistsPerk_Charge2_NameID,PerksTexts,快速爪击（需要爪击）
Hold {0} for a very powerful punch.,长按 {0} 来发动强力拳击。,FistsPerk_Charge_DescrID,PerksTexts,"""按住 {0} 以发动一次强大的拳击。"""
CLAW STRIKE,爪击,FistsPerk_Charge_NameID,PerksTexts,爪击
Adds a fifth strike to the combo.,连招追加第五次攻击。,FistsPerk_Combo_DescrID,PerksTexts,加入第五次的连续攻击。
TIGER PUNCH,虎拳,FistsPerk_Combo_NameID,PerksTexts,虎拳
Attack from a roll. Press {0} before the roll is finished.,从翻滚中发动攻击。在翻滚结束前按 {0}  。,FistsPerk_RollAttack_DescrID,PerksTexts,翻滚时发动攻击。在翻滚即将完成前按 {0} 。
POUNCE,猛扑,FistsPerk_RollAttack_NameID,PerksTexts,猛扑
Your fists strike as lightning.,你挥出的拳头犹如闪电。,FistsPerk_UberElectro_DescrID,PerksTexts,你的拳头如同闪电一般砸向敌人。
STORM TIGER,虎啸西风,FistsPerk_UberElectro_NameID,PerksTexts,虎啸西风
Speeds up the charge time of the TAIL SWEEP.,加快摆尾的蓄力时间,KicksPerk_Charge2_DescrID,PerksTexts,加快神龙摆尾的充能时间
QUICK SWEEP (requires TAIL SWEEP),快速摆尾（需要神龙摆尾）,KicksPerk_Charge2_NameID,PerksTexts,快速横扫（需要神龙摆尾）
Hold {0} to charge a roundhouse kick.,长按 {0} 来发动回旋踢击。,KicksPerk_Charge_DescrID,PerksTexts,按住 {0} 发动横扫一片的踢技。
TAIL SWEEP,神龙摆尾,KicksPerk_Charge_NameID,PerksTexts,神龙摆尾
Adds a fourth strike to the combo.,连招追加第四次攻击。,KicksPerk_Combo_DescrID,PerksTexts,加入第四次的连续攻击。
DRAGON KICK,龙踢,KicksPerk_Combo_NameID,PerksTexts,飞龙在天
Your kicks eject fire.,你的踢击会喷出火焰。,KicksPerk_DragonBreathe_DescrID,PerksTexts,你的踢击可以放射出火焰。
FLAMING DRAGON,火龙,KicksPerk_DragonBreathe_NameID,PerksTexts,火龙
Attack from a roll. Press {0} before the roll is finished.,从翻滚中发动攻击。在翻滚结束前按 {0}  。,KicksPerk_RollAttack_DescrID,PerksTexts,"""翻滚时发动攻击。在翻滚即将完成前按 {0} 。"""
SWOOP,俯冲,KicksPerk_RollAttack_NameID,PerksTexts,风雷震落
Accuracy is increased by 50%.,精度提高50%。,MachinegunPerk_Accuracy_DescrID,PerksTexts,精度提高50%。
STOCK,枪托,MachinegunPerk_Accuracy_NameID,PerksTexts,枪托
Bullets go through all targets.,子弹会穿透所有目标。,MachinegunPerk_BBBullets_DescrID,PerksTexts,子弹会穿透所有目标。
GAUSS,高斯,MachinegunPerk_BBBullets_NameID,PerksTexts,高斯弹
Shoots two bullets in a quick succession.,快速射出两发子弹。,MachinegunPerk_DoubleBullet_DescrID,PerksTexts,迅速射出俩发子弹。
HYPER BURST,超爆破,MachinegunPerk_DoubleBullet_NameID,PerksTexts,连发
Enemies can't hear your shots. Double damage on targets that aren't alarmed.,敌人听不到你的枪声。对未察觉的敌人能造成双倍伤害。,MachinegunPerk_Silencer_DescrID,PerksTexts,敌人无法听见你的枪声。对未察觉状态的敌人造成双倍伤害。
SILENCER,消音器,MachinegunPerk_Silencer_NameID,PerksTexts,消音器
Adds another strike to every weapon combo.,所有武器的连招追加一次攻击。,MeleePerk_Combo_DescrID,PerksTexts,给所有武器的连续攻击增加一次额外的打击数。
TIRELESS,不知疲倦,MeleePerk_Combo_NameID,PerksTexts,孜孜不倦
Chance to tear your target to pieces with one strike. The probability depends on the weapon type and enemy strenght.,有机会一击撕裂敌人。成功率取决于武器的类型与敌人的强度。,MeleePerk_Critical_DescrID,PerksTexts,有一定几率一击直接把敌人撕成碎片。几率取决于武器和敌人的类型。
LACERATION,撕裂伤,MeleePerk_Critical_NameID,PerksTexts,破空一击
Weapon killing blows restore 35% more health.,武器击杀能恢复多35%的生命。,MeleePerk_Executioner_DescrID,PerksTexts,武器连杀的恢复生命值效果额外增加35%。
SLAYER,屠杀者,MeleePerk_Executioner_NameID,PerksTexts,屠戮者
The last strike before breaking deals twice more damage.,武器损坏前的最后一击能多造成两倍伤害。,MeleePerk_LastChance_DescrID,PerksTexts,击飞敌人前的最后一击可以造成双倍伤害。
LAST CHANCE,最后一搏,MeleePerk_LastChance_NameID,PerksTexts,殊死一搏
Hitting more than one target costs 25% less durability.,击中复数目标时武器的耐久消耗减少25%。,MeleePerk_Thrifty_DescrID,PerksTexts,击中复数目标时武器耐久度的消耗减少25%。
SHARPENING,磨刀,MeleePerk_Thrifty_NameID,PerksTexts,磨刀霍霍
Invulnerable during rolls.,翻滚时无敌。,MonkPerk_Agility_DescrID,PerksTexts,翻滚时无敌。
TRICKSTER,骗术师,MonkPerk_Agility_NameID,PerksTexts,魔术师
Killing enemies with throwable objects restores more health.,用投掷物击杀敌人能回复更多生命。,MonkPerk_Crates_DescrID,PerksTexts,用投掷物杀死敌人可以回复更多生命值。
FENG SHUI,风水,MonkPerk_Crates_NameID,PerksTexts,风水
Killing more enemies at once restores more health.,一次性杀死越多敌人能回复越多生命。,MonkPerk_Fearless_DescrID,PerksTexts,一次性杀死越多敌人可以回复更多生命值。
FEARLESS,无畏,MonkPerk_Fearless_NameID,PerksTexts,无所畏惧
Passive regeneration threshold increases to 40%.,被动回复上限提升至40%。,MonkPerk_Harmony_DescrID,PerksTexts,被动回复的门槛提升至40%。
HARMONY,协调,MonkPerk_Harmony_NameID,PerksTexts,和谐
Parries deal damage.,招架能造成伤害。,MonkPerk_Parry_DescrID,PerksTexts,格挡造成伤害。
WING CHUN,咏春,MonkPerk_Parry_NameID,PerksTexts,咏春
Maximum ammo is increased to 18.,子弹上限提升至18。,PistolPerk_Clip_DescrID,PerksTexts,子弹上限提升至18。
MAGAZINE,弹夹,PistolPerk_Clip_NameID,PerksTexts,弹夹
10% chance to kill an enemy with one shot (5% for stronger enemies).,有10%的几率将敌人一枪毙命（强敌为5%）。,PistolPerk_ExploBullets_DescrID,PerksTexts,10%几率一枪杀死敌人（5%几率杀死更强的目标）。
HOLLOW POINTS,空尖弹,PistolPerk_ExploBullets_NameID,PerksTexts,全息瞄准
Rate of fire is increased by 35%.,射速提高35%。,PistolPerk_Rate_DescrID,PerksTexts,射速提升35%。
MECHANISM,机械装置,PistolPerk_Rate_NameID,PerksTexts,机械师
Enemies can't hear your shots. Double damage on targets that aren't alarmed.,敌人无法听到你的枪声。对未察觉的敌人造成两倍伤害。,PistolPerk_Silencer_DescrID,PerksTexts,敌人无法听见你的枪声。对未察觉状态的敌人造成双倍伤害。
SILENCER,消音器,PistolPerk_Silencer_NameID,PerksTexts,消音器
Enemies killed by plasma explode dealing damage to nearby targets.,被电磁枪射杀的敌人会爆炸并对附近目标造成伤害。,PlasmaPerk_BlastEnergy_DescrID,PerksTexts,被电磁枪杀死的敌人会爆炸并伤害附近目标。
OVERLOAD,过载,PlasmaPerk_BlastEnergy_NameID,PerksTexts,过载
Maximum ammo is increased to 100.,子弹上限提升至100。,PlasmaPerk_Clip_DescrID,PerksTexts,子弹上限提升至100。
INCREASED CAPACITY,容量提升,PlasmaPerk_Clip_NameID,PerksTexts,载弹数增幅
Plasma travel distance is doubled.,电磁枪的射击距离翻倍。,PlasmaPerk_Distance_DescrID,PerksTexts,电磁枪射击距离提升至双倍。
ENERGY STABILIZER,能量稳定器,PlasmaPerk_Distance_NameID,PerksTexts,充能线圈
Plasma bursts fly faster.,电磁枪子弹会飞得更快。,PlasmaPerk_FlySpeed_DescrID,PerksTexts,电磁枪喷射速度更快。
ACCELERATOR,加速器,PlasmaPerk_FlySpeed_NameID,PerksTexts,加速器
Accuracy is increased by 50%.,精度提升50%。,SMGPerk_Accuracy_DescrID,PerksTexts,射击精度提升50%。
STOCK,枪托,SMGPerk_Accuracy_NameID,PerksTexts,枪托
Maximum ammo is increased to 60.,子弹上限提升至60。,SMGPerk_Clip_DescrID,PerksTexts,子弹上限提升至60。
MAGAZINE,弹夹,SMGPerk_Clip_NameID,PerksTexts,杂志
Bullets ignite enemies.,子弹能燃烧敌人。,SMGPerk_Flame_DescrID,PerksTexts,子弹燃烧敌人。
INCENDIARY,燃烧弹,SMGPerk_Flame_NameID,PerksTexts,燃烧弹
Rate of fire is increased by 35%.,射速提高35%。,SMGPerk_Rate_DescrID,PerksTexts,射速提升35%。
MECHANISM,机械装置,SMGPerk_Rate_NameID,PerksTexts,机械师
Nonstop shooting.,不停地射击。,ShotgunPerk_Auto_DescrID,PerksTexts,不间断射击。
SLAM FIRE,猛烈射击,ShotgunPerk_Auto_NameID,PerksTexts,猛烈火力
Tears targets to pieces at close range. Restores additional health.,近距离射击会把敌人撕成碎片。能回复更多的生命。,ShotgunPerk_BirdShot_DescrID,PerksTexts,近距离射击会撕裂敌人。回复额外生命值。
BIRDSHOT,小号铅弹,ShotgunPerk_BirdShot_NameID,PerksTexts,小号铅弹
Pellets travel distance is doubled.,子弹射击距离翻倍。,ShotgunPerk_FlyDist_DescrID,PerksTexts,子弹射击距离加倍
BARREL,枪管,ShotgunPerk_FlyDist_NameID,PerksTexts,强化弹膛
Pellets go through the first target.,子弹会穿过第一个目标。,ShotgunPerk_Through_DescrID,PerksTexts,子弹会穿过首个目标。
PIERCING AMMO,贯通弹,ShotgunPerk_Through_NameID,PerksTexts,贯通弹
Your firearms get a laser sight.,会在你的枪上安装激光瞄准具。,SoldierPerk_Aim_DescrID,PerksTexts,你的枪械获得镭射辅助瞄准
LASER SIGHT,激光瞄准具,SoldierPerk_Aim_NameID,PerksTexts,镭射瞄准
Throwable objects deal damage in a radius.,投掷物会造成范围伤害。,SoldierPerk_Crates_DescrID,PerksTexts,投掷物一定半径内造成伤害。
DEADLY SHARDS,致命破片,SoldierPerk_Crates_NameID,PerksTexts,致命碎片
Press {0} when aiming to grab the enemy gun.,在瞄准时按 {0} 来夺取敌人的枪。,SoldierPerk_Disarm_DescrID,PerksTexts,瞄准时按下 {0} 抓取敌人的枪械
DISARM,缴械,SoldierPerk_Disarm_NameID,PerksTexts,缴械
Killing with a firearm restores health.,用枪射杀敌人能回复生命。,SoldierPerk_DoctorDeath_DescrID,PerksTexts,用枪械杀死敌人可以回复生命值。
LEAD PILLS,铅弹,SoldierPerk_DoctorDeath_NameID,PerksTexts,铅弹
A force field will automaticaly appear to protect you from enemy projectiles. Cooldown - 10 seconds.,会自动出现一片力场来保护你免受敌人的枪击。冷却10秒。,SoldierPerk_Shield_DescrID,PerksTexts,一座力场将会自动出现保护你不受敌人攻击。
FORCE MATRIX,力场矩阵,SoldierPerk_Shield_NameID,PerksTexts,力场矩阵
It was supposed to be my one thousandth’s morning of peace.I guess I need to reset that counter.,这本该是我第一千个和平的早晨。但看来我得重新数过了。,SubtitlesLocalizationComix1_1,Subtitles,这本应该是我第一千个平日。我想我得重数了。
The temple of the Vanishing Star was supposed to be unreachable by anyone who didn’t know its secret location. It has been a perfect shelter for many years.,逝星庙本该是不知道其秘密位置的人绝对无法到达的地方。这么多年来它都是个完美的庇护所。,SubtitlesLocalizationComix1_2,Subtitles,任何了解其位置的人都应该无法接触到逝星庙。 多年来它一直是一个完美的庇护所。
"It has brought me a new home, a new family and a new purpose.",它带给我新的家庭，新的亲人以及新的目标。,SubtitlesLocalizationComix1_3,Subtitles,它曾经给予了我新的家、亲人和奋斗目标。
"They say the temple was built to offer those willing the fulfillment of a simple, hard working life. A life of discipline over body - and spirit.",他们说这座庙是为那些愿意过简单勤劳生活的人建造的。是超越身体——和精神的修行生活。,SubtitlesLocalizationComix1_4,Subtitles,他们说这座寺庙的建立是为了提供地方给那些甘愿过简单而艰苦生活的人们。 超越身体——和精神的修行生活。
"Here I was no longer a soldier. No longer a tool, no longer a dog. I was a brother and a seeker of wisdom. That’s what they told me and I bought into the idea.",在这里，我不再是士兵。不再是工具，不再是走狗。我是修道之人，是智慧的探求者。这是他们跟我说的，而我也接受了这种想法。,SubtitlesLocalizationComix1_5,Subtitles,在这里，我不再是一名士兵。 不再是一种工具，不再是一只狗。 我是一个兄弟和智慧的寻求者。 这就是他们告诉我的，并且我意识到了这一点。
But it is not easy to change a man like me. I did everything asked of me but when it came down to meditation I could still hear echoes of war firing up under my skull.,但要改变我这样的人并非易事。他们让我做的每样事我都做了，可在冥想时，我依然会在脑海中听到战争的回响。,SubtitlesLocalizationComix1_6,Subtitles,但要改变像我这样的男人并不容易。 我完成了所有他们吩咐我做的事，但是到了冥想的时候，我仍然可以听到在我的脑袋萦绕的战争回响。
I am an addict you see. You can have an addict live 40 years resisting temptation then you give him a taste of his addiction and he spirals out of control.,你知道我是个有瘾的人。假如你让一个过了40年抵御诱惑生活的人去尝试一点瘾，那他很快就会失去控制。,SubtitlesLocalizationComix1_7,Subtitles,我是一个显而易见的瘾君子。 你可以选择让一位成瘾者修炼40年，度过戒断期，接着稍稍让他品尝一口疯狂，他就会晕头转向失去控制。
That’s why I hoped I would never hear another gunshot in my life.,这也就是我为什么会希望自己的余生可以永远听不到枪声的原因。,SubtitlesLocalizationComix1_8,Subtitles,这就是为何我希望我的余生再听不到一声枪响。
"Monks say that when you meditate you shouldn’t allow your past, or fears of the future, affect your awareness of the present. It’s very hard today.",僧人们说，你在冥想时，不应该让自己的过去或对未来的恐惧影响你对现在的认识。看来今天是很难办到了。,SubtitlesLocalizationComix1_9,Subtitles,僧侣说，当你打坐时，不应该让你的过去或者对未来的恐惧影响你对现在的认识。 今天非常艰难。
I guess this is how you feel right before you die. When your life starts flashing before your eyes.,人生的走马灯开始在眼前闪过，我想这就是将死之人的感觉。,SubtitlesLocalizationComix2_1,Subtitles,我想这就是将死之人的感受。 当你的人生在你眼前走马灯般浮现时。
I just wished my life revolved around something more than Berkut.,我只是希望自己的人生不要围着贝尔库特转。,SubtitlesLocalizationComix2_2,Subtitles,"""我只是希望我的生活可以围绕一些不是贝库特的东西。"""
"Still, when I saw him …part man, part toaster… I realized it could have been me.",不过，当我看到他……半边人，半边烤面包机的模样时……我意识到当初变成这样的有可能会是我。,SubtitlesLocalizationComix2_3,Subtitles,不过，当我看到他......一部分像人，一部分像面包机的时候......我意识到我当初可能也会变成这样。
"We were like twins, once. Both raised on the streets. Enjoying the simple pleasures of life like street fights and sleeping rough.",我们就像双胞胎一样。都是在街头长大的。享受着像是街头斗殴和露宿街头这样简单快乐的生活。,SubtitlesLocalizationComix2_4,Subtitles,我们像双胞胎一样。 两人都在街头长大。 享受着简单快乐的生活，像是街头的打斗和每夜的辗转反侧。
I was always a little bit stronger than him.,我总比他强那么一点点。,SubtitlesLocalizationComix2_5,Subtitles,我总是比他强一点。
I thought he was the smart one. Always agreed to everything he said. And I thought we would forever make the same choices.,我觉得他是个聪明人。所以他说的一切我都赞同。那时我还以为我们会永远做出相同的选择。,SubtitlesLocalizationComix2_6,Subtitles,我以为他是聪明人。 总是同意他所说的一切。 我认为我们会永远做出同样的选择。
He was the closest thing I ever had to family. But with all his smarts Berkut could not convince me to follow him this one last time.,他是我最接近家人的人。虽然他很聪明，但上次的事贝尔库特并没有说服我。,SubtitlesLocalizationComix2_7,Subtitles,他是我生命中最接近家人这个定义的人。 但是凭借他的所有智慧，贝库特还是无法说服我最后一次跟他走。
Now it’s clear he’s not done with me yet.,我很清楚我们之间的事还没了结。,SubtitlesLocalizationComix2_8,Subtitles,我很清楚我们之间还没了结。
Everyone wants to change something in their past. I don’t believe I do.,每个人都想改变自己的某些过去，但我不认为自己是这样的人。,SubtitlesLocalizationComix3_1,Subtitles,所有人都想改变过去，但我并非如此
Maybe I just wasn’t ready. Maybe one more year on contract would make me embrace all that cyborg nonsense?,也许我只是没准备好。也许再接触多一年我就会欣然接受那些半人半机械的鬼玩意。,SubtitlesLocalizationComix3_10,Subtitles,也许我还没准备好，可能又一年的雇佣会让我接受那些生化人什么鬼的玩意儿。
Maybe I would end up exactly like Berkut.,也许我最后会变得像贝尔库特一样,SubtitlesLocalizationComix3_11,Subtitles,也许我会和贝库特有着同样的结局。
Whatever I liked about him I is long gone now.,不管我以前喜欢他哪点，现在都已经消失无迹了。,SubtitlesLocalizationComix3_12,Subtitles,不论如何我所知道的他已经不在了。
"When I crashed in the mountains, close to the monastery… I felt it was a gift. It was fate. Someone up there wanted me saved.",当我坠机在寺庙附近的山时……我真觉得这是份礼物。是命运。是上天想让我获得拯救。,SubtitlesLocalizationComix3_13,Subtitles,当我在山中堕落不堪时，走近修道院......我感到这是一件礼物。 这是天命。 上天似乎想要拯救我。
But all it was was bringing savagery and destruction into a peaceful place.,但这一切也给这个和平的地方带来了暴虐与毁灭。,SubtitlesLocalizationComix3_14,Subtitles,但是，这只是给这个祥和的地方带来了暴虐和毁灭。
"Now I’m going to harness all of it, like the force of life. And deliver it on Volkov’s face with one final blow.",现在我要利用一切，像是生命之力。通过最后一击把它打在沃尔科夫脸上。,SubtitlesLocalizationComix3_15,Subtitles,现在我要如生命力一般凌驾于万物之上，并且用尽全力撕烂沃尔科夫的脸。
"I would drop Berkut again, without hesitation. Even quicker, knowing what I know now.",我会毫不犹豫地再次抛弃贝尔库特。而且就目前发生的事来看，甚至会比上一次更迅速。,SubtitlesLocalizationComix3_2,Subtitles,我会毫不犹豫再次抛弃贝库特。就目前的情况看，甚至比上回还要来得快。
"I can still hear Volkov's voice „You are like sons to me! It would break my heart to lose either one of you. This procedure will make you stronger, will make you invincible.”",我依然能听到沃尔科夫的声音“你们就像是我的儿子！失去你们任何一人都会让我心碎。这个手术能让你们变得更强，变得无懈可击。”,SubtitlesLocalizationComix3_3,Subtitles,我仍然可以听到沃尔科夫的声音：“你就像我的儿子！失去你们中的一个都会伤透我的心。生化改造会让你更强壮，立于不败之地。“
"Berkut didn’t care. He would have done it anyway, for kicks.",贝尔库特并不在乎。为了寻求刺激，无论什么他都会去做。,SubtitlesLocalizationComix3_4,Subtitles,"
伯库特不在乎。无论如何，他会做到这一点，仅仅为了愉悦。"
It’s funny. He was always the smarter one.,这真的很滑稽。明明他是那个更聪明的人。,SubtitlesLocalizationComix3_5,Subtitles,有趣的是，他总是那个更聪明的。
I guess we both grew up that day. And we both decided what we wanted to be.,我想那一天我们都成长了。并且都决定好各自想走的路。,SubtitlesLocalizationComix3_6,Subtitles,我猜我们都在那天成长了。与此同时我们都决定了自己要走的路。
"Volkov didn’t think that the choice was mine to make. He said.. machines are building our cars, why shouldn’t machines fight our wars?",沃尔科夫不认为这是我能做的决定。他说……既然机器能帮我们造车，那为什么机器就不能用来帮我们打仗呢？,SubtitlesLocalizationComix3_7,Subtitles,沃尔科夫不觉得这是我自己能做的决定。他说，机器制造了我们的汽车，为何他们不能去打我们的战争呢？
"Call me a snob, but I like me shit handcrafted.",就当我是自命高贵的人吧，我还是喜欢自己是个原装货。,SubtitlesLocalizationComix3_8,Subtitles,就算我自以为是吧，不过我喜欢原装产品。
"And just like that, in the blink of an eye. I was done with them.",就这样，眨眼间。我就跟他们闹掰了。,SubtitlesLocalizationComix3_9,Subtitles,就这样，眨眼的霎那。我便与他们无关了。
If salvation was operated by a red button… that would be it.,要是按下个红色按钮就能获得救赎的话……那该多轻松啊。,SubtitlesLocalizationComix4_1,Subtitles,"""如果按下一个红色的按钮就能获得救赎......那该多轻松。"""
Press Closure.,按下“关闭”。,SubtitlesLocalizationComix4_2,Subtitles,按下“关闭”。
Press Balance.,按下“平衡”。,SubtitlesLocalizationComix4_3,Subtitles,按下“均衡”。
Press Atonement.,按下“赎罪”。,SubtitlesLocalizationComix4_4,Subtitles,按下“赎罪”。
Press Enlightenment.,按下“启迪”。,SubtitlesLocalizationComix4_5,Subtitles,按下“启迪”。
As I’m walking away from the explosions I can’t help but wonder.,当我从爆炸中走出来时，我不禁陷入思考。,SubtitlesLocalizationComix4_6,Subtitles,当我远离硝烟的时候我不禁地开始思考。
"After all this is finished. After my brothers are saved, and my past burned to the ground.",在这一切都结束后。在我师兄弟都被拯救后，我的过去就会被埋进土里。,SubtitlesLocalizationComix4_7,Subtitles,当这一切结束。我的兄弟们被拯救，我的过去被掩埋。
It should help my meditation…,这应该有助于我的冥想……,SubtitlesLocalizationComix4_8,Subtitles,这能帮助我冥想。
"One thousand mornings of peace, huh? Here’s to the first one.",你说一千个和平的早晨，哈？从现在起就是第一天了。,SubtitlesLocalizationComix4_9,Subtitles,一千个平和的早晨，哼？现在是新一天了。
The elevator in the central room will take you down to the Hatchery. You need to find the emergency switch to unlock the doors.,中央房的电梯会带你到下面的孵化场。你需要找到紧急开关来解锁那些门。,SubtitlesLocalizationsDialogs_CagesElevator_Subtitle1,Subtitles,中央房间的电梯会带你下到孵化间。解锁门则需要找到紧急开关才行。
You’ll have to get off the conveyer belt before it reaches the end. The ventilation opening will be somewhere to the right.,你得在到达终点前离开传送带。通风口就在右侧的某个地方。,SubtitlesLocalizationsDialogs_ConveyorExitHint_Subtitle,Subtitles,您必须在传送带到达终点前下去。 通风口位于右侧某个地方。
They sealed off the section you're in using the emergency protocol.,他们启动了应急预案封锁了你所在的区域。,SubtitlesLocalizationsDialogs_Crossroads_Subtitle1,Subtitles,他们封锁了你所在的区域，使用紧急协议。
Can’t you do something about it?,你就不能做些什么吗？,SubtitlesLocalizationsDialogs_Crossroads_Subtitle2,Subtitles,你能做点什么吗？
"I can’t, but I’m looking at the blueprints right now, and there’s an emergency exit in the Hatchery on the other side of the laboratory. It leads to the surface.",不能，但我在看那些蓝图，还有，实验室另一边的孵化场有紧急出口。它能通向地面。,SubtitlesLocalizationsDialogs_Crossroads_Subtitle3,Subtitles,我不能，不过我正在检视蓝图，实验室另一边的孵化间那里有一个紧急出口。它通向外面。
I’m not leaving this place without my friends.,我不会留下朋友自己走的。,SubtitlesLocalizationsDialogs_Crossroads_Subtitle4,Subtitles,我不会一个人离开这里。
"Easy. It’s a detour, but you’ll get to section Alpha through the ventilation shaft.",那简单，虽然会绕点，但你可以走通风管道去阿尔法区域。,SubtitlesLocalizationsDialogs_Crossroads_Subtitle5,Subtitles,放心，我们只是绕个路，穿过通风管道你就能进入阿尔法区域了。
Hmmm. I don’t trust you.,呃……我不信你。,SubtitlesLocalizationsDialogs_Crossroads_Subtitle6,Subtitles,呃....我不信任你。
Good. The feeling is mutual.,很好。我也是同感。,SubtitlesLocalizationsDialogs_Crossroads_Subtitle7,Subtitles,很好，这种想法很老练。
You must be the deluxe model,你一定是豪华版的。,SubtitlesLocalizationsDialogs_DeluxeModel_Subtitle,Subtitles,你一定就是豪华版型号了
Vasily? They… they took some of our brothers alive. I don’t know why…,瓦西里？我……我们师兄弟有人被他们活捉走了。我不知道为什么……,SubtitlesLocalizationsDialogs_DyingMonk_Subtitle1,Subtitles,瓦西里？他...他们活捉了一部分我们的弟兄...我不知道他们这么做的缘由...
I think I have some good news.,我想我有好消息。,SubtitlesLocalizationsDialogs_FyodorBlameHimself_Subtitle1,Subtitles,我想我有个好消息。
Let's hear it.,说来听听。,SubtitlesLocalizationsDialogs_FyodorBlameHimself_Subtitle2,Subtitles,说来听听。
I’m going through the documentation right now and it seems some of your friends were scheduled to have the mutation injection tomorrow. They should still be alright.,我正在翻阅那些文档，看起来你有些朋友已经被安排在明天进行变异注射。所以他们现在应该还没事。,SubtitlesLocalizationsDialogs_FyodorBlameHimself_Subtitle3,Subtitles,我现在正在阅读一些文档，看起来你的一部分朋友被安排在明天进行突变基因注射。 他们现在应该还没事。
Where are they?,他们在哪？,SubtitlesLocalizationsDialogs_FyodorBlameHimself_Subtitle4,Subtitles,他们在哪？
I’m working on it.,我正在找。,SubtitlesLocalizationsDialogs_FyodorBlameHimself_Subtitle5,Subtitles,我正在找。
Fyodor!,费奥多！,SubtitlesLocalizationsDialogs_FyodorLiar_Subtitle1,Subtitles,费奥多！
Yes?,嗯？,SubtitlesLocalizationsDialogs_FyodorLiar_Subtitle2,Subtitles,嗯？
Why didn’t you tell me that I couldn't save them?,你怎么不告诉我我救不了他们？,SubtitlesLocalizationsDialogs_FyodorLiar_Subtitle3,Subtitles,为什么你没有告诉我我救不了他们？
"When I opened your cell I put everything at stake, you understand? Security is going to find me in a few hours. I… I’m sorry Vasily. I thought you would quit if you..",当我打开你的牢房时，我就已经暴露在危险之下了，你明白吗？安保人员能在几个小时内找到我。我……我很抱歉，瓦西里。我以为你会放弃，要是你……,SubtitlesLocalizationsDialogs_FyodorLiar_Subtitle4,Subtitles,当我打开你的牢房时，我就把自己暴露在危险之中了，你明白吗？ 安保将在几个小时内找到我。 我......我很抱歉瓦西里。 我以为你会放弃，如果你..
You don’t know me very well.,你不是很了解我这个人。,SubtitlesLocalizationsDialogs_FyodorLiar_Subtitle5,Subtitles,你并不十分了解我。
You need to go through the factory and reach the hangar. I’ll meet you there. I have a plan.,你需要穿过工厂去飞机库。我会在那里和你相见。我有计划。,SubtitlesLocalizationsDialogs_FyodorLiar_Subtitle6,Subtitles,你需要穿过工厂到达机库。 我会在那里和你见面。 我有个计划。
How many of these guys are there?,那边还有多少这种家伙？,SubtitlesLocalizationsDialogs_HowManyOfTheseGuys_Subtitle,Subtitles,这里还有多少这种家伙？
"They should be somewhere around here, right?",他们应该就在这附近，对吧？,SubtitlesLocalizationsDialogs_IsThisThePlace_Subtitle1,Subtitles,他们应该就在这附近了，对吧？
...,……,SubtitlesLocalizationsDialogs_IsThisThePlace_Subtitle2,Subtitles,...
Are you there?,你在那吗？,SubtitlesLocalizationsDialogs_IsThisThePlace_Subtitle3,Subtitles,你还在么？
Yes.. you’re very close.,没错……你很接近了。,SubtitlesLocalizationsDialogs_IsThisThePlace_Subtitle4,Subtitles,是的...你很接近了。
Are you ok?,没事吧？,SubtitlesLocalizationsDialogs_IsThisThePlace_Subtitle5,Subtitles,你还好么？
Yeah.,没事。,SubtitlesLocalizationsDialogs_IsThisThePlace_Subtitle6,Subtitles,当然。
It’s me Fyodor! Take it easy.,是我，费奥多！放松点。,SubtitlesLocalizationsDialogs_MeetWithFyodor_Subtitle1,Subtitles,是我，费奥多！ 别激动。
What’s our next move?,我们接下来该做什么？,SubtitlesLocalizationsDialogs_MeetWithFyodor_Subtitle2,Subtitles,我们的下一步该做什么？
"This door will get you to the control room. From what I’ve gathered, Volkov should be there.",这扇门能带你通往控制室。从我收集的情报来看，沃尔科夫应该就在那里。,SubtitlesLocalizationsDialogs_MeetWithFyodor_Subtitle3,Subtitles,这扇门能带你进入控制室。 从我所收集的情报来看，沃尔科夫应该在那里。
And the prisoners?,那那些囚徒呢？,SubtitlesLocalizationsDialogs_MeetWithFyodor_Subtitle4,Subtitles,囚犯呢？
I’m heading for them right now. There’s no one left to guard the cells. Everyone has been moved to protect the control room.,我现在马上就去他们那里。已经没有人留守牢房了。所有人都被调去保护控制室。,SubtitlesLocalizationsDialogs_MeetWithFyodor_Subtitle5,Subtitles,我现在要去找他们。 没有人留守牢房。 每个人都被调去保护控制室了。
"Swear that you’re going to free my them, Fyodor. I’ll find you if you don’t.",你要发誓救出我的师兄弟，费奥多。你要是没做到的话，我会找你算账的。,SubtitlesLocalizationsDialogs_MeetWithFyodor_Subtitle6,Subtitles,你要发誓救出他们，费奥多。 如果你做不到，我会找你算账。
"I swear, alright? And you… tell Volkov that Fyodor Sakharov will be signing up with the competition!",我发誓，好吗？还有，你跟……沃尔科夫说，费奥多·萨哈罗夫要报名参加这场比赛！,SubtitlesLocalizationsDialogs_MeetWithFyodor_Subtitle7,Subtitles,我发誓，好吗？ 而你......请告诉沃尔科夫，费奥多尔萨哈罗夫要报名参加比赛！
It’s all biochemical waste. All dead test subjects are dissolved here. Don’t think about swimming or you’ll join them.,全都是生化垃圾。所有死掉的实验体都被扔在这里溶解。别想着能游过去，不然你也会变成他们一员的。,SubtitlesLocalizationsDialogs_NoSwimming_Subtitle1,Subtitles,这都是生化废物。 所有死亡的实验对象都在这里被降解。 别想游过去，不然你就会成为他们中的一员。
Not these guys again,怎么又是这些家伙。,SubtitlesLocalizationsDialogs_NotTheseGuysAgain_Subtitle,Subtitles,怎么又是这群家伙
So this is what “progress” looks like?,这就是“进化”的样子？,SubtitlesLocalizationsDialogs_ProgressLooksLike_Subtitle,Subtitles,所以这就是“进化”的样子？
I’m surprised you haven’t asked me why I’m helping you.,你可真让我感到意外，居然到现在都没问我为什么要帮你。,SubtitlesLocalizationsDialogs_Research_Subtitle1,Subtitles,我很惊讶你到现在都没问为何我要帮助你。
You are helping me because you know it is the right thing to do.,你会帮我是因为你知道做这事是正确的。,SubtitlesLocalizationsDialogs_Research_Subtitle2,Subtitles,你帮我是因为你知道你在做一件正确的事。
Yes it IS the right thing to do. Alta-tek had promised me a raise for five years now!,没错，这是件正确的事。阿尔泰科技已经连续五年糊弄我说要给我加薪了。,SubtitlesLocalizationsDialogs_Research_Subtitle3,Subtitles,是的这是一件正确的事。阿尔泰已经连续五年糊弄我说要给我升职了。
So it’s just about the money?,所以你就只是为了钱？,SubtitlesLocalizationsDialogs_Research_Subtitle4,Subtitles,所以你只是单纯因为钱？
Oh I’m sorry? Just about the money? They cash in on my ideas and and always find reasons to avoid my compensation. If I could I would quit but they won’t allow me.,哦，抱歉你说啥？只是为了钱？他们用我点子赚钱还总找借口不给补偿金。要是可以的话我早就退出了，但他们不会允许的。,SubtitlesLocalizationsDialogs_Research_Subtitle5,Subtitles,哦，你认真的？只是因为钱？他们把我的点子变现并且总是能找到理由不给补贴。如果我能我早退出了，但是他们不会就这么同意的。
"I’m not the sort of person to enter an office with a shotgun but I guess you are, so I’m with you.",我不是那种能拿着喷子走进办公室的人，但我想你是，所以我就站你这边了。,SubtitlesLocalizationsDialogs_Research_Subtitle6,Subtitles,我不是那种手持喷子大摇大摆走进办公室的人，不过我猜你是，所以我站在你这边。
So whatever AltaTek is doing doesn’t bother you?,也就是说阿尔泰科技的所作所为不会对你造成困扰？,SubtitlesLocalizationsDialogs_Research_Subtitle7,Subtitles,难道阿尔泰科技的所作所为没有让你感到困扰么？
"No, not anymore.",不，不再会了。,SubtitlesLocalizationsDialogs_Research_Subtitle8,Subtitles,没，不再是了。
Two will always lose against one.,两个总会输给一个。,SubtitlesLocalizationsDialogs_Sees2Sergants2_Subtitle1,Subtitles,一个诸葛亮，顶个三裨将。
I hope it’s you who did the hanging.,希望把他们吊起来的人是你。,SubtitlesLocalizationsDialogs_Sees2Sergants3_Subtitle1,Subtitles,希望之前是你把他们吊起来的。
Come to me and I’ll give you what you’re looking for.,过来啊，我会给你想要的。,SubtitlesLocalizationsDialogs_Sees2Sergants4_Subtitle1,Subtitles,你过来我保证满足你的需求。
"The bigger they are, the harder they fall.",个头越大，他们倒下时就摔得越狠。,SubtitlesLocalizationsDialogs_Sees2Sergants_Subtitle1,Subtitles,站的越高，摔得越重。
"Farewell, brothers.",永别了，兄弟们。,SubtitlesLocalizationsDialogs_SeesButcheredMonks2_Subtitle,Subtitles,再会，兄弟
Maybe this is better than being taken alive.,这也许比被活捉要好。,SubtitlesLocalizationsDialogs_SeesButcheredMonks3_Subtitle,Subtitles,可能比被他们活捉要好很多
"They too, didn’t fit the parameters.",他们也一样，不符合参数。,SubtitlesLocalizationsDialogs_SeesButcheredMonks4_Subtitle,Subtitles,他们一样也不合格
Every hand in their army will be broken today.,他们军队里的每个人今天都会被干掉。,SubtitlesLocalizationsDialogs_SeesButcheredMonks5_Subtitle,Subtitles,今天所有为他们军队效命的人都会被打倒。
There’s nothing I could have done to help you.,那时我帮不了你。,SubtitlesLocalizationsDialogs_SeesButcheredMonks6_Subtitle,Subtitles,我那时做不了什么。
Someone gave these men orders.,有人在这些家伙背后发令。,SubtitlesLocalizationsDialogs_SeesButcheredMonks_Subtitle,Subtitles,他们背后有人在发号施令。
Grotesque nonsense.,真是白痴行为。,SubtitlesLocalizationsDialogs_SeesFlamethrower1_Subtitle,Subtitles,说人话。
You are beyond saving.,你已经死了。,SubtitlesLocalizationsDialogs_SeesFlamethrower2_Subtitle,Subtitles,你没救了。
Need a light?,要借火吗？,SubtitlesLocalizationsDialogs_SeesFlamethrower3_Subtitle,Subtitles,要借个火么？
You ended two lives with one bullet.,你用一发子弹结束了两条生命。,SubtitlesLocalizationsDialogs_SeesLeitenant2_Subtitle,Subtitles,一石二鸟。
Now try the same with me.,跟我来同样一套。,SubtitlesLocalizationsDialogs_SeesLeitenant3_Subtitle,Subtitles,同样的一招不能对圣斗士用第二次。
You are lost but I’ll show you the way.,你已经迷失了，但我会给你指引方向。,SubtitlesLocalizationsDialogs_SeesLeitenant4_Subtitle,Subtitles,你已经迷失了，但我会指引你道路。
That was uncalled for.,没道理。,SubtitlesLocalizationsDialogs_SeesLeitenant_Subtitle,Subtitles,多此一举。
The rabid dogs who did this need to be put down.,做出这些事的疯狗应该去死。,SubtitlesLocalizationsDialogs_SeesMonkHanged2_Subtitle1,Subtitles,做出这件事的疯子应该被五马分尸。
"Everything they do to us, they do to themselves.",他们怎么对我们，就会怎么对他们自己。,SubtitlesLocalizationsDialogs_SeesMonkHanged3_Subtitle1,Subtitles,他们做的一切都是自找报应。
They are trying to instill fear but the strong never fear the weak.,他们试图散布恐惧，但强者从不畏惧弱者。,SubtitlesLocalizationsDialogs_SeesMonkHanged4_Subtitle1,Subtitles,他们试图散布恐惧，但强者从不畏惧弱者。
Fucking animals,真他妈的禽兽。,SubtitlesLocalizationsDialogs_SeesMonkHanged5_Subtitle1,Subtitles,去他妈的杂种。
I'm done pulling punches,挥拳已经满足不了我了。,SubtitlesLocalizationsDialogs_SeesMonkHanged6_Subtitle1,Subtitles,我已经懒得挥拳了。
Don’t let the anger take over. Breathe in. Breathe out.,别被愤怒给控制了。吸气。呼气。,SubtitlesLocalizationsDialogs_SeesMonkHanged_Subtitle1,Subtitles,不要让愤怒占据你的身体。吸气。吐气。
"Shaw brothers, together till the end.",肖兄，我会陪你到最后的。,SubtitlesLocalizationsDialogs_SeesMonksBrothers_Subtitle1,Subtitles,肖兄，我会陪你一起到最后。
"Hahaha… when your master said you were a changed man I thought he babbled nonsense. I said, I know Vasily all to well. But that beard… you got me there. Did your master order you to look like this?",哈哈哈……你师傅说你已经变了个人时我还以为他是胡说八道的。我说，我太了解瓦西里这人了。但你那胡子……真是败给你了。是你师傅命你打扮成这样的吗？,SubtitlesLocalizationsDialogs_SergeyKillsMaster_Subtitle1,Subtitles,哈哈哈...当你的师父说你是一个崭新的人的时候我还不以为然。我说，我太了解瓦西里这个人了。但是那胡子...你赢了。你师父有叫你打扮成这样么？
Did you?…,是吗？……,SubtitlesLocalizationsDialogs_SergeyKillsMaster_Subtitle2,Subtitles,你师父难道真的...？
No!,别！,SubtitlesLocalizationsDialogs_SergeyKillsMaster_Subtitle3,Subtitles,没有！
Don’t thank me. That’s what friends are for. Now you can shave it off!,不用谢我。这是朋友应该做的。现在你可以把它刮掉了。,SubtitlesLocalizationsDialogs_SergeyKillsMaster_Subtitle4,Subtitles,不用谢。那是朋友应该做的。现在你可以把这撮毛剃掉了。
You know what? I’m going to enjoy terminating you.,你知道吗？我打算好好享受干掉你的过程。,SubtitlesLocalizationsDialogs_SergeyKillsMaster_Subtitle5,Subtitles,你知道吗？我现在很乐意干掉你。
Yeah! Show me what those monks have been teaching you! Or do you need to stretch first?,很好！让我看下那些僧人教你的东西！还是说你需要先拉拉筋？,SubtitlesLocalizationsDialogs_SergeyKillsMaster_Subtitle6,Subtitles,好！给我展示下这些秃驴教你的东西！还是说你需要先念会儿经？
That's enough! Take him out!,够了！拿下他！,SubtitlesLocalizationsDialogs_SergeyOrderToKillV_Subtitle1,Subtitles,够了！拿下他！
"Vasily, this is your general speaking!",瓦西里，我是你的将军！,SubtitlesLocalizationsDialogs_SergeySecondEncounter_Subtitle1,Subtitles,瓦西里，我是你的将军！
"Volkov, what a perfect grotesque reunion!",沃尔科夫，多荒唐的重逢！,SubtitlesLocalizationsDialogs_SergeySecondEncounter_Subtitle2,Subtitles,沃尔科夫，多么完美的团聚！
"I order you to stop what you’re doing, if there’s a shred of a soldier left in you! Do you hear me? ",我命令你停止你所做的事情，如果你身上还留有一丝军人觉悟的话！听明白我说的吗？,SubtitlesLocalizationsDialogs_SergeySecondEncounter_Subtitle3,Subtitles,我命令你停止你正在做的事情，如果你身上还残留着一丝军人的天性！ 你听到我说的了吗？
There isn’t.,早就没了。,SubtitlesLocalizationsDialogs_SergeySecondEncounter_Subtitle4,Subtitles,想都别想。
"Listen to me, you inbred sack of shit! What’s done is done. You can’t help your friends. But I’m going to be merciful and let you go. This time for good.",听好了，你个近亲繁殖的狗杂种！事情已是木已成舟。你帮不了你朋友的。不过我可以大发慈悲放你走。永远都别再回来了。,SubtitlesLocalizationsDialogs_SergeySecondEncounter_Subtitle5,Subtitles,听着，你个狗杂种！ 木已成舟，覆水难收。 你没法帮你的朋友们。 但我会很慈悲地放你走。 我是为你好。
First we are going to have a little talk.,我们得先聊会。,SubtitlesLocalizationsDialogs_SergeySecondEncounter_Subtitle6,Subtitles,首先我们要谈一谈。
No we’re not. You’re leaving now!,不，我们没啥好聊的。你现在就得离开！,SubtitlesLocalizationsDialogs_SergeySecondEncounter_Subtitle7,Subtitles,不，我们没什么好谈。 你现在得离开了！
"Vasily, old friend. Do you know that the bullet you shot at me is still inthere? Has been there for 20 years. Reminding that I failed to embrace you that one last time. I will correct that mistake.",我的老朋友，瓦西里。你知道你射我的子弹还留在我体内吗？已经过去20年了。这时刻提醒我上次我没有好好拥抱你。这次我要纠正那错误。,SubtitlesLocalizationsDialogs_SergeySecondEncounter_Subtitle8,Subtitles,瓦西里，老朋友。 你知道你射向我的子弹还在我体内吗？ 已经有20年了。 让我想到我最后一次见你的时候没有拥抱你。 我现在要纠正这个错误。
Are you alright?,你还好么？,SubtitlesLocalizationsDialogs_TaoTalk_Subtitle1,Subtitles,你还好么？
"Tread lightly, brother.",万事小心，兄弟。,SubtitlesLocalizationsDialogs_TaoTalk_Subtitle10,Subtitles,小心，兄弟。
"I’m not what they’re looking for, but otherwise I’m alright.",我不是他们要找的人，除此以外，都还挺好的。,SubtitlesLocalizationsDialogs_TaoTalk_Subtitle2,Subtitles,我不是他们要找的那种人，不过总得来说我还好。
What do you mean? What they’re looking for?,什么意思？他们在找什么？,SubtitlesLocalizationsDialogs_TaoTalk_Subtitle3,Subtitles,你什么意思？他们在找什么？
They had a scanning device. Apparently the two of us did not fit the parameters. They took the others alive.,他们手上有扫描仪。显然我们两人都不符合仪器的参数。其他人都被他们给活捉走了。,SubtitlesLocalizationsDialogs_TaoTalk_Subtitle4,Subtitles,这些人有个扫描仪。显然我们俩个不符合仪器上的参数。于是他们就把其他人带走了。
Do you know where Master Lei is?,你知道雷师傅在哪吗？,SubtitlesLocalizationsDialogs_TaoTalk_Subtitle5,Subtitles,你知道雷师父在哪么？
He should be in the temple with the others.,他和其他人应该都在寺里。,SubtitlesLocalizationsDialogs_TaoTalk_Subtitle6,Subtitles,他应该和其他人待在庙里。
I’m going there.,我要去那。,SubtitlesLocalizationsDialogs_TaoTalk_Subtitle7,Subtitles,我要过去。
Cut through the old ruins under the monastery. There's a hidden entrance behind the shelves.,"
从寺庙下方的旧遗迹穿过去吧。隐藏入口就在架子后面。",SubtitlesLocalizationsDialogs_TaoTalk_Subtitle8,Subtitles,"
穿过修道院下的废墟。架子后面有一个隐蔽的入口。"
"Thank you. Find a place to hide, it will be over soon.",谢谢你。找个地方躲起来吧，这件事很快就会结束。,SubtitlesLocalizationsDialogs_TaoTalk_Subtitle9,Subtitles,谢谢你。找个地方藏起来，这一切很快就会结束的。
The tools of war sure have come a long way since I’ve been gone,这些战争工具在我离开后又进步了很多。,SubtitlesLocalizationsDialogs_ToolsOfWar_Subtitle,Subtitles,自从我走了以后，战斗工具肯定已经发展了很多。
Hmm……underwhelming,嗯……真无趣。,SubtitlesLocalizationsDialogs_Underwhelming_Subtitle,Subtitles,嗯......印象深刻
That door is jammed. Drop down on the conveyor belt and find a ventilation opening.,那扇门卡住了。落到传送带上并找到通风口。,SubtitlesLocalizationsDialogs_VGoesToConveyor_Subtitle1,Subtitles,那扇门被卡住了。 你要落在传送带上并找到通风口。
Alright.,好的。,SubtitlesLocalizationsDialogs_VGoesToConveyor_Subtitle2,Subtitles,好的。
Killing you brings me no joy. We swore if this day came that we would show each other mercy ... but  we fought like enemies and you died like a warrior. At least I gave you that. For what it's worth.,杀死你带不给我愉悦。我们曾发誓，要是发生今天这种事，我们会给对方留点情……但我们像敌人一样战斗，并且你像战士般死去。不管怎样， 至少我给了你这种待遇。,SubtitlesLocalizationsDialogs_VKillsSergeyOnceAndForAll_Subtitle,Subtitles,杀死你并不能带给我愉悦。 我们发誓，如果这一天到来，我们会互相展现怜悯，但我们像敌人一样战斗，而你们像战士一样死去。 至少我给了你这个待遇。 物有所值。
Seriously!? They couldn’t think of a way to make you guys more disgusting?,认真的！？他们没办法让你们变得更恶心吗？,SubtitlesLocalizationsDialogs_VMeetErgaster_Subtitle,Subtitles,说真的！？ 他们能想出个法子让你们看上去更恶心点么？
Vasily can you hear me?,瓦西里，能听到我说话吗？,SubtitlesLocalizationsDialogs_VMeetFyodor_Subtitle1,Subtitles,瓦西里，能听见么？
Who is this?,你是谁？,SubtitlesLocalizationsDialogs_VMeetFyodor_Subtitle2,Subtitles,你是谁？
My name is Fyodor Sakharov. I’m the head of the bio-engineering team. I want to help you.,我叫费奥多·萨哈罗夫。是生化工程团队的头儿。我想帮你。,SubtitlesLocalizationsDialogs_VMeetFyodor_Subtitle3,Subtitles,我叫费奥多·萨哈罗夫。我是生化工程小组的头头。我想要帮你。
Help me? You created those mutants!,帮我？这些变异怪都是你造出来的。,SubtitlesLocalizationsDialogs_VMeetFyodor_Subtitle4,Subtitles,帮我？这些变种是你创造的。
Listen to me. I overpowered the security system in your block. That’s how you got out.,听我说。你那边的安保系统已经被我控制了。这就是你能出来的原因。,SubtitlesLocalizationsDialogs_VMeetFyodor_Subtitle5,Subtitles,听我说。我已经控制了你所在房间的安保系统。你就是因此逃出来的。
What do you want?,你想要什么？,SubtitlesLocalizationsDialogs_VMeetFyodor_Subtitle6,Subtitles,你想要什么？
I need to get off this line right now. If you want to free the other monks you have to head to section Alpha. Grab a headset from one of the soldiers and I will establish a secure line.,现在我得挂了。你要是想救出其他僧人，就得去阿尔法区域。你可以从士兵那里拿个耳机，我会设法建立安全线路的。,SubtitlesLocalizationsDialogs_VMeetFyodor_Subtitle7,Subtitles,我要挂断了。如果你想要救其他的僧人你需要去阿尔法区域。你可以从士兵那里得到耳机，我会建立一条安全的线路。
And I thought these things couldn’t get any uglier,我想这些东西变不了更丑了。,SubtitlesLocalizationsDialogs_VMeetMutantBoss_Subtitle,Subtitles,我以为这些东西不可能变得丑了
You should have stayed in your cage!,你应该乖乖待在你笼子里的！,SubtitlesLocalizationsDialogs_VMeetSuperMutant_Subtitle,Subtitles,你应该乖乖待在你的笼子里！
"Alright, these things are just not made to wrestle. Got to pick up a weapon.",好吧，竟然造出这种不好对付的东西。还是捡把武器吧。,SubtitlesLocalizationsDialogs_VShouldStayAway_Subtitle1,Subtitles,"呃，这些玩意不能用来打架。我需要一件武器。
"
Do you like what I did to your monk friends?!,你喜欢我这么对待你的僧人朋友吗？,SubtitlesLocalizationsDialogs_VolkovDanger1_Subtitle,Subtitles,你喜欢我对你的和尚朋友的处理方式么？
"I will make a coat of your skin, Vasily! I will drink your blood!",瓦西里，我要扒你的皮做外套！我要喝你的血！,SubtitlesLocalizationsDialogs_VolkovDanger2_Subtitle,Subtitles,瓦西里，我会剥了你的皮做件外套！ 我会饮干你的血！
Go on! Crush my head! Stomp my face in! I know you want to! Don't fight your instincts!,动手吧！砸爆我的头！踩烂我的脸！我知道你想这么做！别反抗你的本能！,SubtitlesLocalizationsDialogs_VolkovDying_Subtitle1,Subtitles,继续！ 砸烂我的头！ 跺碎我的脸！ 我知道你想要这么做！ 不要反抗你的本能！
I almost forgot. Fyodor Sakharov helped me a lot along the way. He wanted you to know this.,差点忘了说。这一路来费奥多·萨哈罗夫帮了我很多。他想让你知道这件事。,SubtitlesLocalizationsDialogs_VolkovDying_Subtitle2,Subtitles,我差点忘了。 费奥多萨哈罗夫一路上帮了我很多。 他想让你知道这一点。
Fyodor who?,费奥多是谁？,SubtitlesLocalizationsDialogs_VolkovDying_Subtitle3,Subtitles,费奥多谁？
Your employee. Fyodor Sakharov. An engineer?,你的雇员。费奥多·萨哈罗夫。是个工程师？,SubtitlesLocalizationsDialogs_VolkovDying_Subtitle4,Subtitles,你的员工。 费奥多萨哈罗夫。 一个工程师？
I’m dying Vasily! I don’t care about some engineer who’s name I don’t remember!,我就要死了，瓦西里！我才不在乎名字都记不得的工程师！,SubtitlesLocalizationsDialogs_VolkovDying_Subtitle5,Subtitles,我是个将死之人了瓦西里！ 我不在乎某个我不记得名字的工程师！
"I’m happy it’s you who got me... You were always my favorite, the one I had the highest hopes for. You did not disapoint me.",真高兴来我这的人是你……你是我最喜欢的作品，有着我最高的期望。你果然没让我失望。,SubtitlesLocalizationsDialogs_VolkovDying_Subtitle6,Subtitles,我很高兴，是你把我......你总是我最喜欢的杰作，有着我最高期望的杰作。 你没有让我失望。
"I have to compliment you, Vasily. The way you went through all my men like a meat grinder. Even Berkut? He used to be your equal, I gave him all the tools to be the best and you smacked him down like a naughty little girl!",我必须得表扬你，瓦西里。你像绞肉机般闯过我所有部下。就连贝尔库特也输给了你。他曾经跟你不相上下，我给了他最好的工具，让他成为最强的人，而你却像打一个熊孩子一样打倒了他！,SubtitlesLocalizationsDialogs_VolkovEntrance_Subtitle1,Subtitles,我必须恭维你下，瓦西里。 你像我的绞肉机一样碾过所有人。 甚至贝库特？ 他曾经与你匹敌，我给他所有的条件让他成为最强的，你像打一个烦人的熊孩子一样碾碎了他！
"Just tell me, I beg of you. It did feel great, didn’t it? Bringing this whole thing down with your bare hands?",告诉我吧，就算是我求你。赤手空拳把这一切都毁掉的感觉是不是很棒？,SubtitlesLocalizationsDialogs_VolkovEntrance_Subtitle2,Subtitles,告诉我，算我求求你了。 这样做确实感觉很棒，不是吗？ 用双手把各种东西掰下来？
It needed to happen.,我必须得这么做。,SubtitlesLocalizationsDialogs_VolkovEntrance_Subtitle3,Subtitles,我不得不这么做。
No it didn’t. You chose to do it. You trusted you had the power to do it. You bent the world to your will. Godlike.,不，不是必须的。是你选择了这么做的。你相信自己有做成这件事的力量。你让整个世界都屈服于你的意志。就像神一般。,SubtitlesLocalizationsDialogs_VolkovEntrance_Subtitle4,Subtitles,不，它没有。 你自己选择的。 你相信你有力量做到这一点。 你让整个世界屈服于你的意志。天啊。
"This is the end, General. This conversation has no purpose.",到此为止吧，将军。这些话没有任何意义。,SubtitlesLocalizationsDialogs_VolkovEntrance_Subtitle5,Subtitles,到此为止了，将军。 这种谈话没有任何意义。
"I know you loved it, Vasily. And I’m sure you’re gonna love this!",我知道你喜欢，瓦西里。我确信你会喜欢上它的！,SubtitlesLocalizationsDialogs_VolkovEntrance_Subtitle6,Subtitles,我知道你很喜欢杀戮，瓦西里。 我也相信你会喜欢这个！
You need to shut down his defence systems first. The security terminals are in the rooms to the left and to the right of the elevator.,你得先关掉他的防御系统。安保终端就在电梯两侧的房间里。,SubtitlesLocalizationsDialogs_VolkovFightSaharovHint_Subtitle,Subtitles,你需要先关闭他的防御系统。 安全终端位于电梯两侧的房间内。
"Come, Vasily. I can't wait to see you in person after all these years.",来吧，瓦西里。过了这么多年，我已经等不及想当面见你了。,SubtitlesLocalizationsDialogs_VolkovSummon_Subtitle,Subtitles,来吧，瓦西里。 这些年来，我迫不及待想要亲自见到你。
"Vasily, listen...",瓦西里，听着……,SubtitlesLocalizationsDialogs_WhatHaveTheyDone_Subtitle1,Subtitles,瓦西里，听着...
What have they done to them...?,他们对那些人做了什么...？,SubtitlesLocalizationsDialogs_WhatHaveTheyDone_Subtitle2,Subtitles,"他们做了什么...？
"
Press {0} to perform a stealth kill when standing behind an enemy.,位于敌人背后时按 {0} 进行暗杀。,TutorialAButtonSilentKill,Tutorial,当站在敌人时候时，按下 {0} 来发动潜行击杀。
Press {0} + {1} or {2} to strike from a dodge roll.,在闪避翻滚时按 {0} + {1} 或 {2} 进行攻击。,TutorialAttackFromRoll,Tutorial,在翻滚躲避时按下 {0}+{1} 或 {0}+{2} 发动攻击。
Press {0} to punch an enemy and {1} to kick multiple enemies.,按 {0} 来拳击单体敌人或按 {1} 来踢击复数敌人。,TutorialAttackXAndYButtons,Tutorial,按下 {0} 使出拳头攻击 或者按 {1} 使用踢技攻击复数敌人。
Hold {0} to block.,按住 {0} 进行格挡。,TutorialBBlockButton,Tutorial,按住 {0} 格挡进攻。
Press Right Stick + {0} to disarm an enemy with a firearm.,按右摇杆 + {0} 来夺取敌人枪械。,TutorialDisarm,Tutorial,按下 {0} + {1} 缴械一位携带枪械的敌人
Press Right Stick + {0} to dismember a mutant,按右摇杆 + {0} 来肢解变异怪物。,TutorialDismember,Tutorial,按下 {0} + {1} 肢解一个变种敌人
Use the Right Stick to draw your weapon and aim. Press the Right Trigger to shoot.,用右摇杆拔出武器并瞄准。按右扳机键进行射击。,TutorialDrawWeaponAndShoot,Tutorial,使用右摇杆拔出武器并瞄准。按下右扳机键射击。
Hold {0} to draw your weapon and aim. Press {1} to shoot.,按住 {0} 拔出武器并瞄准。按 {1} 进行射击。,TutorialDrawWeaponAndShootKeyboard,Tutorial,按住 {0} 拔出武器并瞄准。按下 {1} 射击。
Use the Right Stick to draw your weapon and aim. Press the R2 to shoot.,用右摇杆拔出武器并瞄准。按 R2 进行射击。,TutorialDrawWeaponAndShootR2,Tutorial,使用右操作桿出武器并瞄准。按下R2键射击。
Use the Right Stick to draw your weapon and aim. Press the ZR to shoot.,用右摇杆拔出武器并瞄准。按 RT 进行射击。,TutorialDrawWeaponAndShootZR,Tutorial,使用右摇杆拔出武器并瞄准。按下右扳机键射击。
Press {0} when an object is outlined in orange to perform an environment kill.,当物体出现橙色轮廓时按 {0} 来进行环境处决。,TutorialEnvironmentalKills,Tutorial,当一个物体边缘散发出橘色光芒，按下 {0} 来执行一次环境击杀。
Environment kills are possible when both you and your enemy are close to certain objects. ,当你和敌人都接近特定物体时可以发动环境处决。,TutorialEnvironmentalKills2,Tutorial,环境击杀可以在你和敌人同时接近特定物体时被触发。
Press {0} to execute an enemy marked with a red skull.,按 {0} 来处决头顶有红色骷髅标志的敌人。,TutorialFinishKills,Tutorial,按下 {0} 处决头顶有红骷髅标志的敌人。
"Executions, multiple kills, and kills with environment objects replenish your vitality!",处决，复数击杀，和环境处决能恢复你的生命！,TutorialFinishKills2,Tutorial,处决，连杀，和利用环境物体击杀敌人能恢复你的生命值。
Hold {0} to grab a barrel and release to throw it in the direction you are facing.,按住 {0} 抓取木桶，松开按键能往你面对的方向进行投掷。,TutorialHoldAButtonToHoldAndThrow,Tutorial,按住 {0} 抓取木桶，通过松开按键可以将其投向角色面对的方向。
Hold {0} to execute heavy enemies,长按 {0} 来处决重型敌人。,TutorialHoldBToExecute,Tutorial,按住 {0} 来处决重甲敌人。
Hold {0} or {1} to charge a powerful attack.,按住 {0} 或 {1} 来蓄力发动强力攻击。,TutorialHoldXYToCharge,Tutorial,按住 {0} 或 {1} 蓄力发动充能攻击。
Backspace,后撤键,TutorialInputKeyLocalizedBackspace,Tutorial,回车键
DOWN,向下键,TutorialInputKeyLocalizedNameDown,Tutorial,下
LEFT,向左键,TutorialInputKeyLocalizedNameLeft,Tutorial,左
Left Alt,左Alt键,TutorialInputKeyLocalizedNameLeftAlt,Tutorial,左Alt
Left Ctrl,左Ctrl键,TutorialInputKeyLocalizedNameLeftControl,Tutorial,左Ctrl
LMB,鼠标左键,TutorialInputKeyLocalizedNameLeftMouseButton,Tutorial,鼠标左键
Left shift,左Shift键,TutorialInputKeyLocalizedNameLeftShift,Tutorial,左Shift
MMB,鼠标中键,TutorialInputKeyLocalizedNameMiddleMouseButton,Tutorial,鼠标中键
Mouse Wheel Down,滚轮向下,TutorialInputKeyLocalizedNameMouseWheelDown,Tutorial,滚轮向下
Mouse Wheel Up,滚轮向上,TutorialInputKeyLocalizedNameMouseWheelUp,Tutorial,滚轮向上
RIGHT,向右键,TutorialInputKeyLocalizedNameRight,Tutorial,右
Right Alt,右Alt键,TutorialInputKeyLocalizedNameRightAlt,Tutorial,右Alt
Right Ctrl,右Ctrl键,TutorialInputKeyLocalizedNameRightControl,Tutorial,右Ctrl
RMB,鼠标右键,TutorialInputKeyLocalizedNameRightMouseButton,Tutorial,鼠标右键
Right shift,右Shift键,TutorialInputKeyLocalizedNameRightShift,Tutorial,右Shift
Spacebar,空格键,TutorialInputKeyLocalizedNameSpacebar,Tutorial,空格
UP,向上键,TutorialInputKeyLocalizedNameUp,Tutorial,上
Press {0} and move the Right Stick to check your surroundings.,按住 {0} 并移动右摇杆来观察周围环境。,TutorialListenSurroundings,Tutorial,按下 {0} 并移动右操作桿观察四周。
Press {0} and move the crosshair to check your surroundings. ,按住 {0} 并移动十字键来观察周围环境。,TutorialListenSurroundingsKeyboard,Tutorial,按下 {0} 并移动十字键来观察四周。
Mix punches and kicks to create different combos.,通过拳脚组合来创造不同的连招。,TutorialMixPunchesAndKicks,Tutorial,通过混合拳击踢技可以发动不同的连击。
Press {0} to parry when an enemy flashes red.,当敌人闪红光时按 {0} 来招架。,TutorialParry,Tutorial,当敌人发出红色光芒时按下 {0} 进行反击。
Press {0} to perform a dodge roll.,按 {0} 进行闪避翻滚。,TutorialPerformRoll,Tutorial,按下 {0} 发动翻滚躲避攻击。
Press {0} near a barrel to throw it.,靠近圆桶时按 {0} 来投掷它。,TutorialQuicklyThrowObjects,Tutorial,在圆桶附近按下 {0} 投掷它。
Replenish your vitality by killing enemies. ,通过击杀敌人来恢复你的生命。,TutorialReplenishHealth,Tutorial,杀死敌人恢复你的生命力。
Enemies can hear your stealth kills if they are close.,若敌人靠得很近，则你进行暗杀时会被听见。,TutorialSilentKillMakeNoise,Tutorial,敌人足够接近时能发觉到暗杀发出的声响。
Melee weapons have limited durability and will break.,近战武器有一定耐久且会损坏。,TutorialWeaponsHaveDurability,Tutorial,近战武器拥有耐久度并且会损坏。
Fast attack - good for single targets.,快速攻击——适合单个目标。,FistsAbilityDescription,Upgrades,快速攻击 - 适于攻击单个目标。
PUNCHES,拳技,FistsAbilityName,Upgrades,拳击
damage,伤害,FistsAbilityStat,Upgrades,伤害
Heavy attack - good for multiple targets.,重攻击——适合复数目标。,KicksAbilityDescription,Upgrades,重攻击 - 适于攻击复数目标。
KICKS,踢技,KicksAbilityName,Upgrades,踢技
damage,伤害,KicksAbilityStat,Upgrades,伤害
Replaces regular attacks; every hit damages the weapon.,会取代常规的攻击手段；每次攻击都会对武器耐久造成损耗。,MeleeAbilityDescription,Upgrades,代替通常攻击；每次击中都会对武器造成损伤。
MELEE WEAPONS,近战武器,MeleeAbilityName,Upgrades,近战武器
durability on pickup,的拾取耐久度,MeleeAbilityStat,Upgrades,拾取耐久度
"Progresses as you level up PUNCHES, KICKS and MELEE WEAPONS.",拳技，踢技和近战武器的升级进度。,MonkAbilityDescription,Upgrades,拳击，踢技和近战武器的升级进度。
MONK,武僧,MonkAbilityName,Upgrades,武僧
melee defense,近战防御,MonkAbilityStat,Upgrades,近战防护
Cheap but reliable sidearm.,便宜但可靠的武器。,PistolAbilityDescription,Upgrades,便宜但是可靠的副武器。
PISTOL,手枪,PistolAbilityName,Upgrades,手枪
ammo on pickup,发子弹拾取数,PistolAbilityStat,Upgrades,弹药拾取数
Working prototype - destroys everything on its path.,原型机——能摧毁路上所有东西。,PlasmaAbilityDescription,Upgrades,实用的原型武器 - 毁灭路径上所有的物体。
PLASMA,电磁枪,PlasmaAbilityName,Upgrades,电磁枪
ammo on pickup,发子弹拾取数,PlasmaAbilityStat,Upgrades,弹药拾取数
Pinpoint accuracy - deadly in the hands of a professional.,高精度——在专家手中非常致命。,RifleAbilityDescription,Upgrades,精准的命中率 - 在专家手里非常致命。
CARBINE,卡宾枪,RifleAbilityName,Upgrades,卡宾枪
ammo on pickup,发拾取子弹数,RifleAbilityStat,Upgrades,弹药拾取数
Extreme shooting speed - ideal against numerous weak targets.,射速极高——很适合用来对付大量的弱小目标。,SMGAbilityDescription,Upgrades,极限的射速 - 适合对付大量脆弱目标。
SMG,冲锋枪,SMGAbilityName,Upgrades,冲锋枪
ammo on pickup,发拾取子弹数,SMGAbilityStat,Upgrades,弹药拾取数
Lots of damage - very effective at close range.,大量伤害——近距离射击非常有效。,ShotgunAbilityDescription,Upgrades,大量伤害 - 近距离作战十分有效。
SHOTGUN,霰弹枪,ShotgunAbilityName,Upgrades,霰弹枪
ammo on pickup,发子弹拾取数,ShotgunAbilityStat,Upgrades,弹药拾取数
"Progresses as you level up PISTOL, SHOTGUN, RIFLE, SMG and PLASMA.",手枪，霰弹枪，步枪，冲锋枪和电磁枪的升级进度。,SoldierAbilityDescription,Upgrades,手枪，霰弹枪，步枪，冲锋枪和电磁枪的升级进度。
SOLDIER,士兵,SoldierAbilityName,Upgrades,士兵
range defense,远程防御,SoldierAbilityStat,Upgrades,远程防护
Manuscripts,手稿,ManuscriptsName,UpgradesUI,手稿
Tablets,平板,TabletsName,UpgradesUI,平板
UPGRADES,升级,UpgradesScreenName,UpgradesUI,升级
